category,name,address,lat,lng,osm_type,osm_id,tags
"Restaurant","Always Something","75 Rainey Street","30.2584158","-97.7386042","way","1513184071","{""""addr:city"""":""""Austin"""",""""addr:country"""":""""US"""",""""addr:housenumber"""":""""75"""",""""addr:postcode"""":""""78701"""",""""addr:state"""":""""TX"""",""""addr:street"""":""""Rainey Street"""",""""amenity"""":""""food_court"""",""""area"""":""""yes"""",""""building"""":""""no"""",""""landuse"""":""""retail"""",""""name"""":""""Always Something"""",""""smoking"""":""""no""""}"
"Restaurant","Ciclo","98 San Jacinto Boulevard","30.2616633","-97.7425502","node","13873366719","{""""addr:city"""":""""Austin"""",""""addr:housenumber"""":""""98"""",""""addr:postcode"""":""""78701"""",""""addr:state"""":""""TX"""",""""addr:street"""":""""San Jacinto Boulevard"""",""""air_conditioning"""":""""yes"""",""""amenity"""":""""restaurant"""",""""bar"""":""""yes"""",""""cuisine"""":""""mexican;american"""",""""indoor_seating"""":""""yes"""",""""level"""":""""0"""",""""name"""":""""Ciclo"""",""""outdoor_seating"""":""""yes"""",""""phone"""":""""+1-512-685-8307"""",""""smoking"""":""""no"""",""""website"""":""""https://www.cicloatx.com/"""",""""wheelchair"""":""""designated""""}"
"Restaurant","Crazy Conchas","87 Rainey Street","30.2596197","-97.7381187","way","312335010","{""""addr:city"""":""""Austin"""",""""addr:country"""":""""US"""",""""addr:housenumber"""":""""87"""",""""addr:postcode"""":""""78701"""",""""addr:state"""":""""TX"""",""""addr:street"""":""""Rainey Street"""",""""air_conditioning"""":""""yes"""",""""amenity"""":""""restaurant"""",""""bar"""":""""yes"""",""""building"""":""""yes"""",""""check_date"""":""""2026-05-12"""",""""cuisine"""":""""mexican"""",""""name"""":""""Crazy Conchas"""",""""payment:cash"""":""""yes"""",""""payment:credit_cards"""":""""yes"""",""""payment:debit_cards"""":""""yes"""",""""wheelchair"""":""""yes""""}"
"Restaurant","Fat Rabbit Social House","35 Brazos Street","30.2623206","-97.7430572","node","4852544021","{""""addr:city"""":""""Austin"""",""""addr:housenumber"""":""""35"""",""""addr:postcode"""":""""78701"""",""""addr:state"""":""""TX"""",""""addr:street"""":""""Brazos Street"""",""""air_conditioning"""":""""yes"""",""""amenity"""":""""restaurant"""",""""contact:website"""":""""https://www.fatrabbitatx.com/"""",""""cuisine"""":""""brunch"""",""""name"""":""""Fat Rabbit Social House""""}"
"Restaurant","Rogue Radish","111 Congress Avenue","30.2636239","-97.7436805","node","13612014683","{""""addr:city"""":""""Austin"""",""""addr:housenumber"""":""""111"""",""""addr:postcode"""":""""78701-4050"""",""""addr:state"""":""""TX"""",""""addr:street"""":""""Congress Avenue"""",""""amenity"""":""""fast_food"""",""""check_date"""":""""2026-03-02"""",""""contact:instagram"""":""""https://www.instagram.com/rogue.radish/"""",""""cuisine"""":""""salad"""",""""currency:XBT"""":""""yes"""",""""name"""":""""Rogue Radish"""",""""opening_hours"""":""""Mo-Su 11:00-17:00"""",""""payment:lightning"""":""""yes"""",""""payment:lightning:operator"""":""""square"""",""""payment:lightning_contactless"""":""""no"""",""""payment:onchain"""":""""no"""",""""phone"""":""""+1-512-653-1836"""",""""street_vendor"""":""""yes"""",""""website"""":""""https://www.rogueradish.org/""""}"
"Restaurant","Swivel","74 Trinity Street","30.2606543","-97.7416927","way","1521961876","{""""addr:city"""":""""Austin"""",""""addr:housenumber"""":""""74"""",""""addr:postcode"""":""""78701"""",""""addr:state"""":""""TX"""",""""addr:street"""":""""Trinity Street"""",""""amenity"""":""""ice_cream"""",""""building"""":""""static_caravan"""",""""drive_through"""":""""no"""",""""indoor_seating"""":""""no"""",""""name"""":""""Swivel"""",""""outdoor_seating"""":""""yes"""",""""website"""":""""https://www.swivelsoftserve.com/""""}"
"Restaurant","Taco Wëy","","30.2582258","-97.7388567","node","13841814157","{""""amenity"""":""""fast_food"""",""""cuisine"""":""""mexican"""",""""drive_through"""":""""no"""",""""name"""":""""Taco Wëy""""}"
"Restaurant","The Onion","408 Brazos Street","30.2664857","-97.7421477","way","1507538791","{""""addr:city"""":""""Austin"""",""""addr:housenumber"""":""""408"""",""""addr:postcode"""":""""78701"""",""""addr:state"""":""""TX"""",""""addr:street"""":""""Brazos Street"""",""""amenity"""":""""fast_food"""",""""building"""":""""yes"""",""""cuisine"""":""""pizza"""",""""drive_through"""":""""no"""",""""name"""":""""The Onion"""",""""opening_hours"""":""""Mo 11:00-15:00; Tu,We 11:00-15:00,20:00-00:00; Th,Fr 11:00-15:00,18:00-03:00; Sa 18:00-03:00; Su off"""",""""phone"""":""""+1-512-476-6466"""",""""website"""":""""https://onionbaby.com/""""}"
"Restaurant","The Smokehouse at Banger's","81 Rainey Street","30.2590114","-97.7382115","way","1513184072","{""""addr:city"""":""""Austin"""",""""addr:housenumber"""":""""81"""",""""addr:postcode"""":""""78701"""",""""addr:state"""":""""TX"""",""""addr:street"""":""""Rainey Street"""",""""air_conditioning"""":""""no"""",""""amenity"""":""""restaurant"""",""""building"""":""""yes"""",""""cuisine"""":""""barbecue"""",""""name"""":""""The Smokehouse at Banger's"""",""""opening_hours"""":""""Mo,Tu 11:00-15:00; We 11:00-14:30; Th 11:00-22:00; Fr 11:00-15:00; Sa 11:00-23:00; Su 10:00-21:00"""",""""outdoor_seating"""":""""yes""""}"
"Restaurant","Turf n'Surf Po'Boy","407 Lavaca Street","30.2672083","-97.7455821","way","1507317990","{""""addr:city"""":""""Austin"""",""""addr:housenumber"""":""""407"""",""""addr:postcode"""":""""78701"""",""""addr:state"""":""""TX"""",""""addr:street"""":""""Lavaca Street"""",""""air_conditioning"""":""""yes"""",""""amenity"""":""""restaurant"""",""""building"""":""""yes"""",""""cuisine"""":""""seafood;cajun"""",""""name"""":""""Turf n'Surf Po'Boy"""",""""opening_hours"""":""""Su-Th 11:00-22:00; Fr-Sa 11:00-23:00"""",""""outdoor_seating"""":""""yes"""",""""phone"""":""""+1-512-745-6381"""",""""website"""":""""https://www.turfnsurfpoboy.com/""""}"
"Restaurant","Van Horn's","238 West 2nd Street","30.2649828","-97.7459901","node","3849776832","{""""addr:city"""":""""Austin"""",""""addr:housenumber"""":""""238"""",""""addr:postcode"""":""""78701"""",""""addr:state"""":""""TX"""",""""addr:street"""":""""West 2nd Street"""",""""amenity"""":""""restaurant"""",""""cuisine"""":""""steak_house"""",""""name"""":""""Van Horn's"""",""""website"""":""""https://vanhornsatx.com/""""}"
"Bar / Nightlife","Bar Fino","88 1/2 Rainey Street","30.2599252","-97.738579","way","379221738","{""""addr:city"""":""""Austin"""",""""addr:country"""":""""US"""",""""addr:housenumber"""":""""88 1/2"""",""""addr:postcode"""":""""78701"""",""""addr:state"""":""""TX"""",""""addr:street"""":""""Rainey Street"""",""""amenity"""":""""bar"""",""""building"""":""""yes"""",""""coa:place_id"""":""""169889"""",""""name"""":""""Bar Fino""""}"
"Bar / Nightlife","Bungalow","83 Rainey Street","30.259377","-97.7382773","way","312335012","{""""addr:city"""":""""Austin"""",""""addr:country"""":""""US"""",""""addr:housenumber"""":""""83"""",""""addr:postcode"""":""""78701"""",""""addr:state"""":""""TX"""",""""addr:street"""":""""Rainey Street"""",""""air_conditioning"""":""""yes"""",""""amenity"""":""""bar"""",""""building"""":""""house"""",""""check_date"""":""""2026-05-12"""",""""contact:twitter"""":""""https://twitter.com/icenhauers"""",""""dog"""":""""leashed"""",""""live_music"""":""""yes"""",""""name"""":""""Bungalow"""",""""outdoor_seating"""":""""yes"""",""""payment:cash"""":""""yes"""",""""payment:credit_cards"""":""""yes"""",""""payment:debit_cards"""":""""yes"""",""""website"""":""""https://www.icenhauers.com/"""",""""wheelchair"""":""""yes""""}"
"Bar / Nightlife","El Cockfight","121 East 5th Street","30.2666754","-97.7420323","node","3849776304","{""""addr:city"""":""""Austin"""",""""addr:housenumber"""":""""121"""",""""addr:postcode"""":""""78701"""",""""addr:state"""":""""TX"""",""""addr:street"""":""""East 5th Street"""",""""amenity"""":""""bar"""",""""min_age"""":""""21"""",""""name"""":""""El Cockfight"""",""""opening_hours"""":""""Mo-Fr 15:00-02:00; Sa,Su 14:00-02:00""""}"
"Bar / Nightlife","Electric Shuffle","91 Red River Street","30.2605441","-97.7390397","way","1528861047","{""""addr:city"""":""""Austin"""",""""addr:country"""":""""US"""",""""addr:housenumber"""":""""91"""",""""addr:postcode"""":""""78701"""",""""addr:state"""":""""TX"""",""""addr:street"""":""""Red River Street"""",""""addr:unit"""":""""102"""",""""air_conditioning"""":""""yes"""",""""amenity"""":""""bar"""",""""area"""":""""yes"""",""""branch"""":""""Austin"""",""""coa:place_id"""":""""613522"""",""""level"""":""""0"""",""""name"""":""""Electric Shuffle"""",""""website"""":""""https://electricshuffle.com/us/austin""""}"
"Bar / Nightlife","Hacienda Bar","70 Rainey Street","30.258393","-97.739041","node","3825447599","{""""addr:city"""":""""Austin"""",""""addr:country"""":""""US"""",""""addr:housenumber"""":""""70"""",""""addr:postcode"""":""""78701"""",""""addr:state"""":""""TX"""",""""addr:street"""":""""Rainey Street"""",""""amenity"""":""""bar"""",""""coa:place_id"""":""""92594"""",""""currency:XBT"""":""""yes"""",""""min_age"""":""""21"""",""""name"""":""""Hacienda Bar"""",""""survey:date"""":""""2026-05-12""""}"
"Bar / Nightlife","Lavaca Street Bar","405 Lavaca Street","30.2670968","-97.7456186","way","1507317989","{""""addr:city"""":""""Austin"""",""""addr:housenumber"""":""""405"""",""""addr:postcode"""":""""78701"""",""""addr:state"""":""""TX"""",""""addr:street"""":""""Lavaca Street"""",""""air_conditioning"""":""""yes"""",""""amenity"""":""""bar"""",""""building"""":""""yes"""",""""min_age"""":""""21"""",""""name"""":""""Lavaca Street Bar"""",""""opening_hours"""":""""Mo-Sa 11:00-02:00; Su 11:30-02:00"""",""""outdoor_seating"""":""""yes"""",""""phone"""":""""+1-512-469-0106"""",""""website"""":""""https://lavacastdowntown.com/""""}"
"Bar / Nightlife","Live Oak","98 San Jacinto Boulevard","30.2617055","-97.7425406","node","13873366720","{""""addr:city"""":""""Austin"""",""""addr:housenumber"""":""""98"""",""""addr:postcode"""":""""78701"""",""""addr:state"""":""""TX"""",""""addr:street"""":""""San Jacinto Boulevard"""",""""air_conditioning"""":""""yes"""",""""amenity"""":""""bar"""",""""food"""":""""yes"""",""""indoor_seating"""":""""yes"""",""""level"""":""""1"""",""""name"""":""""Live Oak"""",""""opening_hours"""":""""Su-Th 13:00-00:00; Fr-Sa 13:00-01:00"""",""""outdoor_seating"""":""""yes"""",""""wheelchair"""":""""designated""""}"
"Bar / Nightlife","Medusa Bar & Grill","","30.2702132","-97.7499377","node","1792579345","{""""amenity"""":""""bar"""",""""name"""":""""Medusa Bar & Grill""""}"
"Bar / Nightlife","Space Fox","","30.2698395","-97.7498354","node","13799882967","{""""amenity"""":""""bar"""",""""check_date"""":""""2026-05-05"""",""""name"""":""""Space Fox""""}"
"Bar / Nightlife","The Rainey House","76 Rainey Street","30.2588862","-97.7389775","way","312335021","{""""addr:city"""":""""Austin"""",""""addr:country"""":""""US"""",""""addr:housenumber"""":""""76"""",""""addr:postcode"""":""""78701"""",""""addr:state"""":""""TX"""",""""addr:street"""":""""Rainey Street"""",""""air_conditioning"""":""""yes"""",""""amenity"""":""""bar"""",""""building"""":""""yes"""",""""check_date"""":""""2026-05-13"""",""""live_music"""":""""yes"""",""""name"""":""""The Rainey House"""",""""opening_hours"""":""""We-Th 16:00-02:00; Fr-Su 14:00-02:00"""",""""outdoor_seating"""":""""yes"""",""""phone"""":""""+1-512-418-6128"""",""""website"""":""""http://rainey-house.com/"""",""""wheelchair"""":""""yes""""}"
"Bar / Nightlife","Victory Lap Rainey","85 Rainey Street","30.2594996","-97.7381961","way","312335011","{""""addr:city"""":""""Austin"""",""""addr:country"""":""""US"""",""""addr:housenumber"""":""""85"""",""""addr:postcode"""":""""78701"""",""""addr:state"""":""""TX"""",""""addr:street"""":""""Rainey Street"""",""""air_conditioning"""":""""yes"""",""""amenity"""":""""bar"""",""""building"""":""""yes"""",""""check_date"""":""""2026-05-12"""",""""name"""":""""Victory Lap Rainey"""",""""payment:cards"""":""""no"""",""""payment:cash"""":""""yes"""",""""payment:credit_cards"""":""""yes"""",""""wheelchair"""":""""yes""""}"
"Coffee / Cafe","1886 Café & Bakery","604 Brazos Street","30.268011","-97.7419191","node","13787879801","{""""addr:housenumber"""":""""604"""",""""addr:postcode"""":""""78701"""",""""addr:street"""":""""Brazos Street"""",""""amenity"""":""""cafe"""",""""name"""":""""1886 Café & Bakery"""",""""opening_hours"""":""""Mo-Su 06:30-15:00"""",""""website"""":""""https://driskillhotel.com/dining/1886-café-bakery/"""",""""website:menu"""":""""https://driskillhotel.com/documents/91/1886_AllDayMenu_03.19.26.pdf""""}"
"Coffee / Cafe","Black Fox Coffee","321 West 6th Street","30.2687047","-97.7460675","node","13947744901","{""""addr:housenumber"""":""""321"""",""""addr:postcode"""":""""78701"""",""""addr:street"""":""""West 6th Street"""",""""amenity"""":""""cafe"""",""""check_date"""":""""2026-06-17"""",""""check_date:opening_hours"""":""""2026-06-17"""",""""contact:instagram"""":""""blackfoxcoffeeco"""",""""name"""":""""Black Fox Coffee"""",""""opening_hours"""":""""Mo-Fr 07:00-17:00; Sa-Su 08:00-16:00"""",""""website"""":""""https://blackfoxcoffee.com/""""}"
"Coffee / Cafe","Daydreamer Coffee","80 Rainey Street","30.2595226","-97.7386348","node","13822250755","{""""addr:city"""":""""Austin"""",""""addr:housenumber"""":""""80"""",""""addr:postcode"""":""""78701"""",""""addr:state"""":""""TX"""",""""addr:street"""":""""Rainey Street"""",""""amenity"""":""""cafe"""",""""cuisine"""":""""coffee_shop"""",""""name"""":""""Daydreamer Coffee""""}"
"Coffee / Cafe","Desnudo Coffee","1214 West 6th Street","30.2735153","-97.758443","node","13895985201","{""""addr:housenumber"""":""""1214"""",""""addr:postcode"""":""""78703"""",""""addr:street"""":""""West 6th Street"""",""""amenity"""":""""cafe"""",""""check_date"""":""""2026-05-30"""",""""check_date:opening_hours"""":""""2026-05-30"""",""""contact:instagram"""":""""desnudocoffee"""",""""internet_access"""":""""wlan"""",""""name"""":""""Desnudo Coffee"""",""""opening_hours"""":""""Mo-Su 08:00-14:30"""",""""phone"""":""""+14244001857"""",""""website"""":""""https://desnudocoffee.com/""""}"
"Coffee / Cafe","Neighbors Café","96 Red River Street","30.2608784","-97.7393485","node","13776620882","{""""addr:city"""":""""Austin"""",""""addr:housenumber"""":""""96"""",""""addr:postcode"""":""""78701"""",""""addr:state"""":""""TX"""",""""addr:street"""":""""Red River Street"""",""""air_conditioning"""":""""yes"""",""""amenity"""":""""cafe"""",""""level"""":""""1"""",""""name"""":""""Neighbors Café"""",""""opening_date"""":""""2026-08-30"""",""""opening_hours"""":""""Mo-Su 06:00-21:00"""",""""phone"""":""""+1-737-415-9815"""",""""website"""":""""https://www.1hotels.com/austin/taste/neighbors""""}"
"Residential Building","415 Colorado","415 Colorado Street","30.2670872","-97.744243","way","328631279","{""""addr:city"""":""""Austin"""",""""addr:housenumber"""":""""415"""",""""addr:postcode"""":""""78701"""",""""addr:state"""":""""TX"""",""""addr:street"""":""""Colorado Street"""",""""architect"""":""""Ziegler Cooper Architects"""",""""building"""":""""apartments"""",""""building:levels"""":""""47"""",""""check_date"""":""""2026-04-30"""",""""height"""":""""195.072"""",""""name"""":""""415 Colorado""""}"
"Residential Building","Envoy Apartments West Campus","2108 San Gabriel Street","30.2851758","-97.7484346","way","380916215","{""""addr:city"""":""""Austin"""",""""addr:housenumber"""":""""2108"""",""""addr:postcode"""":""""78705"""",""""addr:state"""":""""TX"""",""""addr:street"""":""""San Gabriel Street"""",""""brand:website"""":""""https://www.westsidegroup.com/envoy-apartments"""",""""building"""":""""apartments"""",""""building:flats"""":""""10"""",""""building:levels"""":""""2"""",""""contact:linkedin"""":""""https://www.linkedin.com/company/westside-group"""",""""description"""":""""College apartments in Austin's West Campus residential neighborhood. Envoy is a small community of one bedroom apartments."""",""""facebook"""":""""https://www.facebook.com/westsidegrp"""",""""import"""":""""yes"""",""""name"""":""""Envoy Apartments West Campus"""",""""operator"""":""""The Westside Group, Inc."""",""""source"""":""""City of Austin;aerial imagery;local knowledge;streetlevel imagery"""",""""twitter"""":""""https://twitter.com/WestsideGroupTX"""",""""website"""":""""https://www.westsidegroup.com/"""",""""website:map"""":""""https://maps.google.com/?cid=10081051411216910764""""}"
"Residential Building","Inspire on 22nd","2200 Nueces Street","30.285412","-97.7441846","way","380922461","{""""addr:city"""":""""Austin"""",""""addr:housenumber"""":""""2200"""",""""addr:state"""":""""TX"""",""""addr:street"""":""""Nueces Street"""",""""building"""":""""apartments"""",""""building:levels"""":""""18"""",""""height"""":""""56.388"""",""""name"""":""""Inspire on 22nd"""",""""source"""":""""City of Austin""""}"
"Residential Building","Moontower","2204 San Antonio Street","30.2856656","-97.7431485","way","380922419","{""""addr:city"""":""""Austin"""",""""addr:housenumber"""":""""2204"""",""""addr:postcode"""":""""78705"""",""""addr:state"""":""""TX"""",""""addr:street"""":""""San Antonio Street"""",""""building"""":""""apartments"""",""""building:levels"""":""""18"""",""""height"""":""""57.3024"""",""""import"""":""""yes"""",""""name"""":""""Moontower"""",""""source"""":""""City of Austin""""}"
"Residential Building","Paseo","80 Rainey Street","30.2593639","-97.7388667","way","1125246153","{""""addr:city"""":""""Austin"""",""""addr:housenumber"""":""""80"""",""""addr:postcode"""":""""78701"""",""""addr:state"""":""""TX"""",""""addr:street"""":""""Rainey Street"""",""""building"""":""""apartments"""",""""height"""":""""172.822"""",""""name"""":""""Paseo""""}"
"Residential Building","The Quarters Grayson House","714 West 22nd Street","30.2855679","-97.7461701","way","380917055","{""""addr:city"""":""""Austin"""",""""addr:housenumber"""":""""714"""",""""addr:postcode"""":""""78705"""",""""addr:state"""":""""TX"""",""""addr:street"""":""""West 22nd Street"""",""""building"""":""""apartments"""",""""height"""":""""28.4"""",""""name"""":""""The Quarters Grayson House""""}"
"Residential Building","Waterline","98 Red River Street","30.2610833","-97.7395422","way","1195809570","{""""addr:city"""":""""Austin"""",""""addr:housenumber"""":""""98"""",""""addr:postcode"""":""""78701"""",""""addr:state"""":""""TX"""",""""addr:street"""":""""Red River Street"""",""""building"""":""""apartments"""",""""check_date"""":""""2026-04-29"""",""""coa:place_id"""":""""249656"""",""""construction"""":""""apartments"""",""""height"""":""""315.0"""",""""name"""":""""Waterline"""",""""opening_date"""":""""2026-08-30""""}"
"Residential Building","West Campus Flats","2104 San Gabriel Street","30.2850158","-97.7484951","way","380916214","{""""addr:city"""":""""Austin"""",""""addr:housenumber"""":""""2104"""",""""addr:postcode"""":""""78705"""",""""addr:state"""":""""TX"""",""""addr:street"""":""""San Gabriel Street"""",""""building"""":""""apartments"""",""""building:levels"""":""""2"""",""""contact:facebook"""":""""westsidegrp"""",""""contact:instagram"""":""""westsidegrouptx"""",""""contact:linkedin"""":""""https://www.linkedin.com/company/westside-group"""",""""contact:phone"""":""""+1-512-710-0773"""",""""contact:twitter"""":""""WestsideGroupTX"""",""""height"""":""""7.2"""",""""name"""":""""West Campus Flats"""",""""source"""":""""City of Austin;The Westside Group Austin"""",""""website"""":""""https://www.westsidegroup.com/west-campus-flats""""}"
"Civic Organization / Venue","Austin City Hall","","30.2647876","-97.7471982","way","204413180","{""""amenity"""":""""townhall"""",""""building"""":""""civic"""",""""building:levels"""":""""4"""",""""check_date"""":""""2025-02-13"""",""""name"""":""""Austin City Hall"""",""""wheelchair"""":""""yes"""",""""wikidata"""":""""Q39070904"""",""""wikipedia"""":""""en:Austin City Hall (Austin, Texas)""""}"
"Civic Organization / Venue","Chateau Bellevue","","30.271018","-97.7475274","node","13812177391","{""""amenity"""":""""events_venue"""",""""check_date"""":""""2026-05-07"""",""""name"""":""""Chateau Bellevue""""}"
"Civic Organization / Venue","Emma S. Barrientos Mexican American Cultural Center","600 River Street","30.2580746","-97.7401979","way","134786207","{""""addr:city"""":""""Austin"""",""""addr:housenumber"""":""""600"""",""""addr:postcode"""":""""78701"""",""""addr:state"""":""""TX"""",""""addr:street"""":""""River Street"""",""""air_conditioning"""":""""yes"""",""""amenity"""":""""community_centre"""",""""building"""":""""yes"""",""""community_centre"""":""""cultural_centre"""",""""layer"""":""""1"""",""""name"""":""""Emma S. Barrientos Mexican American Cultural Center"""",""""operator"""":""""City of Austin Arts, Culture, Music and Entertainment"""",""""operator:type"""":""""government"""",""""phone"""":""""+1-512-974-3772"""",""""website"""":""""https://www.austintexas.gov/macc""""}"
"Civic Organization / Venue","Palmer Events Center","900 Barton Springs Road","30.2606237","-97.7528265","way","187668223","{""""addr:city"""":""""Austin"""",""""addr:housenumber"""":""""900"""",""""addr:postcode"""":""""78704"""",""""addr:state"""":""""TX"""",""""addr:street"""":""""Barton Springs Road"""",""""amenity"""":""""conference_centre"""",""""building"""":""""yes"""",""""check_date"""":""""2024-04-12"""",""""layer"""":""""1"""",""""name"""":""""Palmer Events Center"""",""""phone"""":""""+1-512-404-4500"""",""""website"""":""""https://www.palmereventscenter.com/""""}"
"Civic Organization / Venue","The Eleanor","307 West 5th Street","30.2676913","-97.7462394","way","1051117928","{""""addr:city"""":""""Austin"""",""""addr:housenumber"""":""""307"""",""""addr:postcode"""":""""78701"""",""""addr:state"""":""""TX"""",""""addr:street"""":""""West 5th Street"""",""""amenity"""":""""events_venue"""",""""building"""":""""yes"""",""""building:levels"""":""""2"""",""""check_date"""":""""2026-04-27"""",""""name"""":""""The Eleanor"""",""""phone"""":""""+15124944094"""",""""website"""":""""https://www.theeleanoratx.com/""""}"
"Civic Organization / Venue","The Riley Building","315 Lavaca Street","30.2665399","-97.7458167","way","231123153","{""""addr:city"""":""""Austin"""",""""addr:housenumber"""":""""315"""",""""addr:postcode"""":""""78701"""",""""addr:state"""":""""TX"""",""""addr:street"""":""""Lavaca Street"""",""""amenity"""":""""events_venue"""",""""building"""":""""yes"""",""""check_date"""":""""2024-09-30"""",""""name"""":""""The Riley Building"""",""""website"""":""""https://www.therileybuilding.com/""""}"
"Civic Art / Route Stop","A History of La Zona Rosa","","30.2684415","-97.7497814","node","8953194869","{""""artwork_type"""":""""mural"""",""""name"""":""""A History of La Zona Rosa"""",""""tourism"""":""""artwork""""}"
"Civic Art / Route Stop","Accordion 16","","30.2673224","-97.7531103","node","8927596215","{""""artist_name"""":""""Josef Kristofoletti"""",""""artwork_type"""":""""mural"""",""""name"""":""""Accordion 16"""",""""tourism"""":""""artwork""""}"
"Civic Art / Route Stop","Aquifer","","30.263631","-97.7415101","node","8228681108","{""""artist_name"""":""""Philip Lamb and Susan Magilow"""",""""artwork_type"""":""""sculpture"""",""""material"""":""""glass"""",""""name"""":""""Aquifer"""",""""tourism"""":""""artwork""""}"
"Civic Art / Route Stop","Armadillo","","30.2785059","-97.7390802","node","10276400290","{""""artist_name"""":""""Lars Stanley"""",""""artwork_type"""":""""statue"""",""""description"""":""""Steel statue of a nine-banded armadillo, designated the official state small mammal by the Texas Legislature. The artist is Lars Stanley of Stanley Studio with Luke Barron, Ann Woods, Jake Black, Robert Abdallah, and Destiny Augustine"""",""""material"""":""""steel"""",""""name"""":""""Armadillo"""",""""subject:wikidata"""":""""Q649549"""",""""subject:wikipedia"""":""""en:Nine-banded armadillo"""",""""tourism"""":""""artwork""""}"
"Civic Art / Route Stop","Array","","30.2661641","-97.7511676","node","7917829992","{""""artist_name"""":""""Judd Graham"""",""""artwork_type"""":""""installation"""",""""material"""":""""steel"""",""""name"""":""""Array"""",""""tourism"""":""""artwork"""",""""website"""":""""https://www.austintexas.gov/page/public-artwork-central-library""""}"
"Civic Art / Route Stop","ATX","","30.2703725","-97.7543943","way","967757076","{""""area"""":""""yes"""",""""artwork_type"""":""""sculpture"""",""""image"""":""""https://osm-img.piperswe.me/20250328_osm_survey_5_30/20250328_0071.jpg"""",""""name"""":""""ATX"""",""""tourism"""":""""artwork""""}"
"Civic Art / Route Stop","Bat","","30.2793018","-97.7387667","node","10269239726","{""""artist_name"""":""""Lars Stanley"""",""""artwork_type"""":""""statue"""",""""description"""":""""Steel sculpture of a Mexican free-tailed bat, designated the official state flying mammal by the Texas Legislature. The artist is Lars Stanley of Stanley Studio with Luke Barron, Ann Woods, Jake Black, Robert Abdallah, and Destiny Augustine"""",""""material"""":""""steel"""",""""name"""":""""Bat"""",""""start_date"""":""""2022"""",""""subject:wikidata"""":""""Q913930"""",""""subject:wikipedia"""":""""en:Mexican free-tailed bat"""",""""tourism"""":""""artwork""""}"
"Civic Art / Route Stop","Big Mama Baby","","30.2664545","-97.7515498","node","7917829995","{""""artist_name"""":""""Sharon Engelstein"""",""""artwork_type"""":""""sculpture"""",""""material"""":""""concrete"""",""""name"""":""""Big Mama Baby"""",""""tourism"""":""""artwork""""}"
"Civic Art / Route Stop","Black Austin Matters","","30.2695774","-97.7422428","way","817902985","{""""area"""":""""yes"""",""""artwork_type"""":""""street_art"""",""""material"""":""""road_paint"""",""""name"""":""""Black Austin Matters"""",""""start_date"""":""""2020-06-16"""",""""subject"""":""""Black Lives Matter"""",""""subject:wikidata"""":""""Q19600530"""",""""tourism"""":""""artwork""""}"
"Civic Art / Route Stop","Blackbird","","30.2679751","-97.7473207","node","6795476805","{""""artist_name"""":""""Holly Young-Kincannon"""",""""artwork_type"""":""""statue"""",""""material"""":""""metal"""",""""name"""":""""Blackbird"""",""""tourism"""":""""artwork""""}"
"Civic Art / Route Stop","Bluebonnet","","30.2801779","-97.7381665","node","10266425576","{""""artist_name"""":""""Lars Stanley"""",""""artist_studio"""":""""Stanley Studio"""",""""artwork_type"""":""""statue"""",""""description"""":""""Steel sculpture of a Texas bluebonnet (Lupinus texensis), designated the official state flower by the Texas Legislature. The artist is Lars Stanley of Stanley Studio with Luke Barron, Ann Woods, Jake Black, Robert Abdallah, and Destiny Augustine"""",""""material"""":""""steel"""",""""name"""":""""Bluebonnet"""",""""start_date"""":""""2022"""",""""subject:wikidata"""":""""Q4115567"""",""""subject:wikipedia"""":""""en:Lupinus texensis"""",""""tourism"""":""""artwork""""}"
"Civic Art / Route Stop","Butler Sound Gallery","","30.2814619","-97.737196","way","1243365342","{""""area"""":""""yes"""",""""artwork_type"""":""""installation"""",""""name"""":""""Butler Sound Gallery"""",""""tourism"""":""""artwork""""}"
"Civic Art / Route Stop","Cloud Pavilion","","30.2669105","-97.7536342","node","8243996180","{""""artist_name"""":""""Beili Liu"""",""""artwork_type"""":""""sculpture"""",""""material"""":""""metal"""",""""name"""":""""Cloud Pavilion"""",""""tourism"""":""""artwork""""}"
"Civic Art / Route Stop","Cypress Grove","","30.2642977","-97.7439594","node","8228681107","{""""artist_name"""":""""Stanley Studios"""",""""artwork_type"""":""""sculpture"""",""""material"""":""""steel"""",""""name"""":""""Cypress Grove"""",""""tourism"""":""""artwork""""}"
"Civic Art / Route Stop","Dale Shine","","30.2668804","-97.7427393","node","13785519658","{""""artist_name"""":""""Fabian Rey"""",""""artwork_type"""":""""mural"""",""""name"""":""""Dale Shine"""",""""tourism"""":""""artwork""""}"
"Civic Art / Route Stop","Gear Grove","","30.2707351","-97.7419517","node","9653213332","{""""artist_name"""":""""Ben Harman"""",""""artwork_type"""":""""sculpture"""",""""description"""":""""Bike rack sculpture made of stainless steel and recycled bike gears"""",""""material"""":""""stainless_steel"""",""""name"""":""""Gear Grove"""",""""start_date"""":""""2013"""",""""tourism"""":""""artwork""""}"
"Civic Art / Route Stop","George Washington","","30.2849202","-97.7395127","node","3600960929","{""""artist_name"""":""""Pompeo Coppini"""",""""artwork_type"""":""""statue"""",""""name"""":""""George Washington"""",""""tourism"""":""""artwork"""",""""website"""":""""http://www.cah.utexas.edu/exhibits/StatuesExhibit/page3.html"""",""""wikidata"""":""""Q22022599""""}"
"Civic Art / Route Stop","Goddess of Liberty","","30.274674","-97.740343","node","6879997373","{""""artwork_subject"""":""""figurative"""",""""artwork_type"""":""""statue"""",""""name"""":""""Goddess of Liberty"""",""""tourism"""":""""artwork""""}"
"Civic Art / Route Stop","Golden Afternoon","","30.2673308","-97.7524878","node","8955592900","{""""artist_name"""":""""Urban Matter Inc."""",""""artwork_type"""":""""installation"""",""""material"""":""""metal"""",""""name"""":""""Golden Afternoon"""",""""tourism"""":""""artwork""""}"
"Civic Art / Route Stop","Heritage - Festivals - Horizons","","30.2607378","-97.7495013","node","8195513720","{""""artwork_type"""":""""sculpture"""",""""material"""":""""metal"""",""""name"""":""""Heritage - Festivals - Horizons"""",""""tourism"""":""""artwork""""}"
"Civic Art / Route Stop","Hi, How Are You","","30.2839052","-97.7421771","node","4493392149","{""""artist_name"""":""""Daniel Johnston"""",""""artwork_type"""":""""mural"""",""""name"""":""""Hi, How Are You"""",""""tourism"""":""""artwork""""}"
"Civic Art / Route Stop","Historic 6th Street","","30.2657029","-97.7352186","node","8953194902","{""""artwork_type"""":""""mural"""",""""name"""":""""Historic 6th Street"""",""""tourism"""":""""artwork""""}"
"Civic Art / Route Stop","Homeless Jesus","","30.269791","-97.7405662","node","13253455006","{""""artist_name"""":""""Timothy P Schmalz"""",""""artwork_type"""":""""sculpture"""",""""material"""":""""metal"""",""""name"""":""""Homeless Jesus"""",""""start_date"""":""""2015"""",""""tourism"""":""""artwork""""}"
"Civic Art / Route Stop","Horned Lizard","","30.2798013","-97.7383032","node","10266425579","{""""artist_name"""":""""Dylan Connor"""",""""artwork_type"""":""""statue"""",""""description"""":""""Steel sculpture by Dylan Connor of a Texas horned lizard, designated the official state reptile by the Texas Legislature."""",""""material"""":""""steel"""",""""name"""":""""Horned Lizard"""",""""subject:wikidata"""":""""Q748410"""",""""subject:wikipedia"""":""""en:Texas horned lizard"""",""""tourism"""":""""artwork""""}"
"Civic Art / Route Stop","José María Morelos","","30.2680249","-97.7471217","node","7913617600","{""""artwork_type"""":""""bust"""",""""material"""":""""bronze"""",""""name"""":""""José María Morelos"""",""""tourism"""":""""artwork""""}"
"Civic Art / Route Stop","Kempelen's Owls","","30.2661041","-97.750386","node","8228681104","{""""artist_name"""":""""New American Public Art"""",""""artwork_type"""":""""sculpture"""",""""name"""":""""Kempelen's Owls"""",""""tourism"""":""""artwork""""}"
"Civic Art / Route Stop","Killer Riffs","","30.267004","-97.7500554","node","8072634609","{""""artist_name"""":""""La Paso"""",""""artwork_type"""":""""sculpture"""",""""material"""":""""metal"""",""""name"""":""""Killer Riffs"""",""""tourism"""":""""artwork""""}"
"Civic Art / Route Stop","La Fuente en Calle Segunda","","30.2655802","-97.7485106","node","8228681103","{""""artist_name"""":""""Roger and Jerolyn Bahm-Columbik"""",""""artwork_type"""":""""sculpture"""",""""material"""":""""bronze"""",""""name"""":""""La Fuente en Calle Segunda"""",""""tourism"""":""""artwork""""}"
"Civic Art / Route Stop","Lead to Live","","30.2669384","-97.7429524","node","5023332790","{""""artist_name"""":""""Amado Castillo III, Amado Castillo IV"""",""""artwork_type"""":""""mural"""",""""name"""":""""Lead to Live"""",""""tourism"""":""""artwork""""}"
"Civic Art / Route Stop","Little Mama","","30.2664433","-97.7516017","node","7917829996","{""""artist_name"""":""""Sharon Engelstein"""",""""artwork_type"""":""""sculpture"""",""""material"""":""""concrete"""",""""name"""":""""Little Mama"""",""""tourism"""":""""artwork""""}"
"Civic Art / Route Stop","Lone Star","","30.2802096","-97.7385553","node","7641253733","{""""artwork_type"""":""""sculpture"""",""""material"""":""""metal"""",""""name"""":""""Lone Star"""",""""tourism"""":""""artwork""""}"
"Civic Art / Route Stop","Malin's Fountain","","30.2832658","-97.7535327","node","12291835201","{""""artist:wikidata"""":""""Q105044989"""",""""artist_name"""":""""Thomas Dambo"""",""""artwork_type"""":""""sculpture"""",""""material"""":""""wood"""",""""name"""":""""Malin's Fountain"""",""""note"""":""""Burned down May,21,2026. Just ashes now"""",""""tourism"""":""""artwork"""",""""wikidata"""":""""Q135474986""""}"
"Civic Art / Route Stop","Miguel Hidalgo y Costilla","","30.2680327","-97.7471057","node","7913617601","{""""artwork_type"""":""""bust"""",""""material"""":""""bronze"""",""""name"""":""""Miguel Hidalgo y Costilla"""",""""tourism"""":""""artwork""""}"
"Civic Art / Route Stop","Open Room Austin","","30.266584","-97.7540042","node","7881650974","{""""artist_name"""":""""Rosario Marquardt and Roberto Behar"""",""""artwork_type"""":""""installation"""",""""name"""":""""Open Room Austin"""",""""tourism"""":""""artwork""""}"
"Civic Art / Route Stop","Prickly Pear","","30.2789179","-97.7386406","node","10269239731","{""""artist_name"""":""""Dylan Connor"""",""""artwork_type"""":""""statue"""",""""description"""":""""Steel sculpture by Dylan Connor of a prickly pear cactus, designated the official state plant by the Texas Legislature. While no specific species is official, the pads of this sculpture most resemble Opuntia ficus-indica"""",""""material"""":""""steel"""",""""name"""":""""Prickly Pear"""",""""subject:wikidata"""":""""Q144412"""",""""subject:wikipedia"""":""""en:Opuntia ficus-indica"""",""""tourism"""":""""artwork""""}"
"Civic Art / Route Stop","Sea Turtle","","30.2779846","-97.7389905","node","10281110973","{""""artist_name"""":""""Dylan Connor"""",""""artwork_type"""":""""statue"""",""""description"""":""""Steel sculpture by Dylan Connor of a Kemp's ridley sea turtle, designated the official state sea turtle by the Texas Legislature"""",""""material"""":""""steel"""",""""name"""":""""Sea Turtle"""",""""subject:wikidata"""":""""Q301089"""",""""subject:wikipedia"""":""""en:Kemp's ridley sea turtle"""",""""tourism"""":""""artwork""""}"
"Civic Art / Route Stop","Seeding Time","","30.2645009","-97.7477388","node","8228681105","{""""artist_name"""":""""Nobohu Nagasawa"""",""""artwork_type"""":""""sculpture"""",""""name"""":""""Seeding Time"""",""""tourism"""":""""artwork""""}"
"Civic Art / Route Stop","Spiral of the Galaxy","","30.2758029","-97.7335088","node","9690312479","{""""artist_name"""":""""Marc Quinn"""",""""artwork_type"""":""""sculpture"""",""""material"""":""""bronze"""",""""name"""":""""Spiral of the Galaxy"""",""""tourism"""":""""artwork"""",""""website"""":""""https://landmarks.utexas.edu/artwork/spiral-galaxy""""}"
"Civic Art / Route Stop","Square Tilt","","30.28313","-97.7379364","node","5522768949","{""""artist_name"""":""""Joel Perlman"""",""""name"""":""""Square Tilt"""",""""tourism"""":""""artwork""""}"
"Civic Art / Route Stop","Stem Rack","","30.2641053","-97.7436736","node","8228681106","{""""artist_name"""":""""Ann Armstrong"""",""""artwork_type"""":""""sculpture"""",""""material"""":""""metal"""",""""name"""":""""Stem Rack"""",""""tourism"""":""""artwork""""}"
"Civic Art / Route Stop","Stevie Ray Vaughan Statue","","30.2631141","-97.7506802","node","281230952","{""""artwork_type"""":""""statue"""",""""name"""":""""Stevie Ray Vaughan Statue"""",""""tourism"""":""""artwork"""",""""wikidata"""":""""Q17038687""""}"
"Civic Art / Route Stop","Tall Solo","","30.2672725","-97.7516494","node","8078892696","{""""artist_name"""":""""Sharon Engelstein"""",""""artwork_type"""":""""sculpture"""",""""material"""":""""concrete"""",""""name"""":""""Tall Solo"""",""""tourism"""":""""artwork""""}"
"Civic Art / Route Stop","Tau Ceti","","30.2637526","-97.7427532","node","1481511021","{""""artist_name"""":""""Josef Kristofoletti"""",""""artwork_type"""":""""mural"""",""""name"""":""""Tau Ceti"""",""""tourism"""":""""artwork""""}"
"Civic Art / Route Stop","Tejedoras del Espíritu","","30.2668532","-97.7426391","node","13785519660","{""""artist_name"""":""""Cindy and Ernesto Hernandez"""",""""artwork_type"""":""""mural"""",""""name"""":""""Tejedoras del Espíritu"""",""""tourism"""":""""artwork""""}"
"Civic Art / Route Stop","Texas Ranger","","30.262587","-97.7381163","node","13918575386","{""""artist_name"""":""""Van Howd"""",""""artwork_type"""":""""statue"""",""""material"""":""""bronze"""",""""name"""":""""Texas Ranger"""",""""tourism"""":""""artwork""""}"
"Civic Art / Route Stop","The Color Inside","","30.284814","-97.7363379","node","5522768950","{""""artist_name"""":""""James Turrell"""",""""name"""":""""The Color Inside"""",""""tourism"""":""""artwork"""",""""website"""":""""https://landmarks.utexas.edu/artwork/color-inside""""}"
"Civic Art / Route Stop","The Doughboy","","30.2850058","-97.7335392","node","13046865982","{""""artist_name"""":""""Paul Tadlock"""",""""artwork_type"""":""""statue"""",""""name"""":""""The Doughboy"""",""""tourism"""":""""artwork""""}"
"Civic Art / Route Stop","The Price of Liberty","","30.2734663","-97.7384026","node","13427168200","{""""artwork_type"""":""""sculpture"""",""""name"""":""""The Price of Liberty"""",""""tourism"""":""""artwork""""}"
"Civic Art / Route Stop","The Sisterhood of Two Hearts","","30.2669137","-97.7428615","node","13785519659","{""""artwork_type"""":""""mural"""",""""name"""":""""The Sisterhood of Two Hearts"""",""""tourism"""":""""artwork""""}"
"Civic Art / Route Stop","The Ten Commandments","","30.2752811","-97.7408088","node","5058269727","{""""artwork_type"""":""""statue"""",""""material"""":""""stone"""",""""memorial"""":""""stele"""",""""name"""":""""The Ten Commandments"""",""""name:en"""":""""The Ten Commandments"""",""""tourism"""":""""artwork""""}"
"Civic Art / Route Stop","Una Canción de Fe y Familia","","30.2582351","-97.7408171","node","8977433364","{""""artist_name"""":""""Connie Arismendi"""",""""artwork_type"""":""""statue"""",""""material"""":""""metal"""",""""name"""":""""Una Canción de Fe y Familia"""",""""tourism"""":""""artwork""""}"
"Civic Art / Route Stop","Wall painting for Austin","","30.2730372","-97.7356097","node","8975766054","{""""artist_name"""":""""Arturo Herrera"""",""""artwork_type"""":""""mural"""",""""name"""":""""Wall painting for Austin"""",""""note"""":""""https://waterloogreenway.org/larger-than-life-creek-inspired-mural-coming-to-waterloo-park/"""",""""tourism"""":""""artwork""""}"
"Civic Art / Route Stop","Willie Nelson Statue","","30.2651671","-97.7467492","node","8454950386","{""""artist_name"""":""""Clete Shields"""",""""artwork_type"""":""""statue"""",""""material"""":""""bronze"""",""""name"""":""""Willie Nelson Statue"""",""""tourism"""":""""artwork"""",""""wikidata"""":""""Q105044810"""",""""wikipedia"""":""""en:Willie Nelson statue""""}"
"Civic Art / Route Stop","Wing Trace","","30.26562","-97.753017","node","13807104065","{""""artist_name"""":""""Jasna Boudard"""",""""artwork_type"""":""""installation"""",""""name"""":""""Wing Trace"""",""""tourism"""":""""artwork""""}"
"Retail / Brand / Wellness","1 Hotel Austin","96 Red River Street","30.2609777","-97.7394349","node","3825447567","{""""addr:city"""":""""Austin"""",""""addr:housenumber"""":""""96"""",""""addr:postcode"""":""""78701"""",""""addr:state"""":""""TX"""",""""addr:street"""":""""Red River Street"""",""""air_conditioning"""":""""yes"""",""""bar"""":""""yes"""",""""branch"""":""""Austin"""",""""brand"""":""""1 Hotel"""",""""internet_access"""":""""wlan"""",""""name"""":""""1 Hotel Austin"""",""""opening_date"""":""""2026-08-30"""",""""phone"""":""""+1-737-415-9800"""",""""rooms"""":""""252"""",""""smoking"""":""""no"""",""""tourism"""":""""hotel"""",""""website"""":""""https://www.1hotels.com/austin""""}"
"Retail / Brand / Wellness","Barkin' Creek Dog Kitchen & Bath","91 Red River Street","30.2609929","-97.7388024","way","1528861048","{""""addr:city"""":""""Austin"""",""""addr:country"""":""""US"""",""""addr:housenumber"""":""""91"""",""""addr:postcode"""":""""78701"""",""""addr:state"""":""""TX"""",""""addr:street"""":""""Red River Street"""",""""addr:unit"""":""""150"""",""""branch"""":""""Downtown"""",""""name"""":""""Barkin' Creek Dog Kitchen & Bath"""",""""shop"""":""""pet_grooming""""}"
"Retail / Brand / Wellness","Capital Metro","","30.2677031","-97.7469066","node","8947082774","{""""amenity"""":""""vending_machine"""",""""blind"""":""""yes"""",""""brand"""":""""Capital Metro"""",""""covered"""":""""no"""",""""currency:USD"""":""""yes"""",""""manufacturer"""":""""Flowbird"""",""""operator"""":""""Capital Metropolitan Transportation Authority"""",""""payment:cash"""":""""yes"""",""""payment:coins"""":""""yes"""",""""payment:contactless"""":""""yes"""",""""payment:credit_cards"""":""""yes"""",""""vending"""":""""public_transport_tickets""""}"
"Retail / Brand / Wellness","CapMetro Transit Store","1705 Guadalupe Street","30.2799806","-97.7420704","node","12534826582","{""""addr:city"""":""""Austin"""",""""addr:housenumber"""":""""1705"""",""""addr:postcode"""":""""78701"""",""""addr:state"""":""""TX"""",""""addr:street"""":""""Guadalupe Street"""",""""amenity"""":""""bicycle_rental"""",""""bicycle_rental"""":""""docking_station"""",""""brand"""":""""CapMetro Bikeshare"""",""""brand:wikidata"""":""""Q133802038"""",""""fee"""":""""yes"""",""""fixme"""":""""Add hours, telephone, other information when known"""",""""name"""":""""CapMetro Transit Store"""",""""network"""":""""CapMetro Bikeshare"""",""""network:wikidata"""":""""Q133802038"""",""""operator"""":""""CapMetro"""",""""operator:type"""":""""public"""",""""operator:wikidata"""":""""Q587830"""",""""rental"""":""""ebike"""",""""start_date"""":""""2025-01-22""""}"
"Retail / Brand / Wellness","Casper Fermentables","422 Guadalupe Street","30.2673355","-97.7471412","node","13699343230","{""""addr:city"""":""""Austin"""",""""addr:housenumber"""":""""422"""",""""addr:postcode"""":""""78701"""",""""addr:state"""":""""TX"""",""""addr:street"""":""""Guadalupe Street"""",""""check_date"""":""""2026-04-01"""",""""contact:email"""":""""casperfermentables@gmail.com"""",""""contact:facebook"""":""""https://www.facebook.com/casperfermentables/"""",""""contact:instagram"""":""""https://www.instagram.com/casperfermentables/"""",""""currency:XBT"""":""""yes"""",""""name"""":""""Casper Fermentables"""",""""opening_hours"""":""""Sa 09:00-13:00"""",""""payment:lightning"""":""""yes"""",""""payment:lightning:operator"""":""""square"""",""""payment:lightning_contactless"""":""""no"""",""""payment:onchain"""":""""no"""",""""shop"""":""""farm"""",""""website"""":""""https://www.casperfermentables.com/""""}"
"Retail / Brand / Wellness","Hair House","805 West Avenue","30.2725385","-97.7495154","node","13853332623","{""""addr:housenumber"""":""""805"""",""""addr:street"""":""""West Avenue"""",""""check_date"""":""""2026-05-19"""",""""name"""":""""Hair House"""",""""shop"""":""""hairdresser""""}"
"Retail / Brand / Wellness","HokkaiSan","609 Congress Avenue","30.2683251","-97.7423011","way","1213502014","{""""addr:city"""":""""Austin"""",""""addr:housenumber"""":""""609"""",""""addr:postcode"""":""""78701"""",""""addr:state"""":""""TX"""",""""addr:street"""":""""Congress Avenue"""",""""air_conditioning"""":""""yes"""",""""building"""":""""yes"""",""""email"""":""""info@hokkaisan.com"""",""""name"""":""""HokkaiSan"""",""""name:ja"""":""""北海産"""",""""opening_hours"""":""""Mo-Su 09:00-22:00"""",""""phone"""":""""+1-512-906-0966"""",""""shop"""":""""convenience""""}"
"Retail / Brand / Wellness","Holey Moley","807 E 4th St","30.263469","-97.7346925","way","379195141","{""""addr:city"""":""""Austin"""",""""addr:housenumber"""":""""807"""",""""addr:postcode"""":""""78702"""",""""addr:state"""":""""TX"""",""""addr:street"""":""""E 4th St"""",""""bar"""":""""yes"""",""""brand"""":""""Holey Moley"""",""""brand:wikidata"""":""""Q85766991"""",""""diet:vegan"""":""""yes"""",""""diet:vegetarian"""":""""yes"""",""""fee"""":""""yes"""",""""food"""":""""yes"""",""""height"""":""""9.72"""",""""indoor_seating"""":""""yes"""",""""internet_access"""":""""wlan"""",""""leisure"""":""""miniature_golf"""",""""name"""":""""Holey Moley"""",""""outdoor_seating"""":""""yes"""",""""payment:credit_cards"""":""""yes"""",""""sport"""":""""miniature_golf""""}"
"Retail / Brand / Wellness","Hotel Trinity","311 East 5th Street","30.2659788","-97.7401208","way","967757079","{""""addr:city"""":""""Austin"""",""""addr:housenumber"""":""""311"""",""""addr:postcode"""":""""78701"""",""""addr:state"""":""""TX"""",""""addr:street"""":""""East 5th Street"""",""""brand"""":""""Autograph Collection"""",""""brand:wikidata"""":""""Q19872869"""",""""building"""":""""construction"""",""""building:levels"""":""""13"""",""""check_date"""":""""2026-05-01"""",""""email"""":""""sales@hoteltrinityatx.com"""",""""internet_access"""":""""wlan"""",""""name"""":""""Hotel Trinity"""",""""opening_date"""":""""2025-08-01"""",""""phone"""":""""+1-512-814-5990"""",""""rooms"""":""""258"""",""""tourism"""":""""hotel"""",""""website"""":""""https://www.hoteltrinityatx.com/""""}"
"Retail / Brand / Wellness","Jetset Pilates","1011 West 5th Street","30.270566","-97.7558102","node","3857693597","{""""addr:city"""":""""Austin"""",""""addr:housenumber"""":""""1011"""",""""addr:postcode"""":""""78703"""",""""addr:state"""":""""TX"""",""""addr:street"""":""""West 5th Street"""",""""addr:unit"""":""""140"""",""""brand"""":""""Jetset Pilates"""",""""leisure"""":""""fitness_centre"""",""""name"""":""""Jetset Pilates"""",""""not:brand:wikidata"""":""""Q109328844"""",""""phone"""":""""+1-737-273-9364"""",""""sport"""":""""pilates"""",""""website"""":""""https://jetsetpilates.com/tx/downtown-austin/""""}"
"Retail / Brand / Wellness","Playa Bowls","500 West Martin Luther King Jr Boulevard","30.2823373","-97.743328","node","13674803001","{""""addr:housenumber"""":""""500"""",""""addr:postcode"""":""""78705"""",""""addr:street"""":""""West Martin Luther King Jr Boulevard"""",""""check_date"""":""""2026-03-24"""",""""check_date:opening_hours"""":""""2026-03-24"""",""""name"""":""""Playa Bowls"""",""""opening_hours"""":""""Mo-Su 09:00-21:00"""",""""phone"""":""""+15122847326"""",""""shop"""":""""beverages"""",""""website"""":""""https://playabowls.com/""""}"
"Retail / Brand / Wellness","Solidcore","204 Colorado Street","30.2651252","-97.7455376","node","3849776348","{""""addr:city"""":""""Austin"""",""""addr:housenumber"""":""""204"""",""""addr:postcode"""":""""78701"""",""""addr:state"""":""""TX"""",""""addr:street"""":""""Colorado Street"""",""""branch"""":""""Downtown Austin"""",""""brand"""":""""[solidcore]"""",""""brand:wikidata"""":""""Q124429271"""",""""leisure"""":""""fitness_centre"""",""""name"""":""""Solidcore"""",""""phone"""":""""+1-512-900-4740"""",""""sport"""":""""pilates""""}"
"Retail / Brand / Wellness","SoulCycle","401 Congress Avenue","30.2667411","-97.7430448","way","1507549538","{""""addr:city"""":""""Austin"""",""""addr:housenumber"""":""""401"""",""""addr:postcode"""":""""78701"""",""""addr:state"""":""""TX"""",""""addr:street"""":""""Congress Avenue"""",""""addr:unit"""":""""100E"""",""""brand"""":""""SoulCycle"""",""""brand:wikidata"""":""""Q17084730"""",""""building:part"""":""""yes"""",""""leisure"""":""""fitness_centre"""",""""level"""":""""0"""",""""name"""":""""SoulCycle"""",""""sport"""":""""cycling""""}"
"Retail / Brand / Wellness","Sugarwolf Bakery","401 West 4th Street","30.266555","-97.7474819","way","1525848111","{""""addr:city"""":""""Austin"""",""""addr:housenumber"""":""""401"""",""""addr:postcode"""":""""78701"""",""""addr:state"""":""""TX"""",""""addr:street"""":""""West 4th Street"""",""""addr:unit"""":""""120"""",""""air_conditioning"""":""""yes"""",""""area"""":""""yes"""",""""bar"""":""""yes"""",""""email"""":""""hello@sugarwolfbakery.com"""",""""level"""":""""0"""",""""name"""":""""Sugarwolf Bakery"""",""""opening_hours"""":""""Mo-Su 07:00-16:00"""",""""shop"""":""""bakery"""",""""start_date"""":""""2026-05-05"""",""""website"""":""""https://www.sugarwolfbakery.com/""""}"