id,name,type,category,partnerType,brand,district,latitude,longitude,address,sourceLayer,currentPinKey,currentPinAsset,recommendedPinKey,recommendedPinAsset,pinStatus,imageSource,currentImage,imageStatus,imageNotes,imageDirection,recommendedPanelCopy,sourceNotes,priority
comedy-mothership,Comedy Mothership,culture,culture,venue,,East Downtown,30.2676,-97.7385,"320 E 6th St, Austin, TX",culture,dining,/pins/circular/categories/dining.svg,art,/pins/circular/categories/culture.svg,Update recommended,entity,/images/motion/5OVOBur8PVysCm5FG_VdOAa7gUhIy1_fvE5kZsu0GsuYm7SNjgBBbVIIlHOziVJCOc7KQxMoc4JfYS5n4KfGSTDmXb6UZcEuaFk9nCXQkN1E78Sv8Pa4g4ktnmgi139nJwRbEqIhH7K1xlwdOC-afhNU2-a7TMFg6QTIvalBTTn4eKA2rlRgzVjsBrBtko0R.jpeg,OK,Image source looks usable from CSV only.,"Use marquee, stage, gallery, or installation imagery. Keep it editorial and downtown-specific.","Comedy Mothership is a culture anchor in East Downtown. Save it, get directions, and view nearby resident perks.",pin/icon should be updated for category clarity,P0
bangers,Banger's,venue,food,venue,,Rainey,30.2589,-97.7382,"79 Rainey St, Austin, TX",venue,dining,/pins/circular/categories/dining.svg,dining,/pins/circular/categories/dining.svg,OK,entity,/images/partner_dining_patio_1779052819620.png,OK,Image source looks usable from CSV only.,"Use patio, plate, table, or venue atmosphere imagery with resident social energy.","Banger's is a food stop in Rainey. Save it, get directions, and view nearby resident perks.",No major source issue in CSV.,P2
lustre-pearl,Lustre Pearl,nightlife,nightlife,venue,,Rainey,30.2584,-97.7388,"94 Rainey St, Austin, TX",nightlife,dining,/pins/circular/categories/dining.svg,nightlife,/pins/circular/categories/nightlife.svg,Update recommended,entity,/images/motion/5OVOBur8PVysCm5FG_VdOAa7gUhIy1_fvE5kZsu0GsuYm7SNjgBBbVIIlHOziVJCOc7KQxMoc4JfYS5n4KfGSTDmXb6UZcEuaFk9nCXQkN1E78Sv8Pa4g4ktnmgi139nJwRbEqIhH7K1xlwdOC-afhNU2-a7TMFg6QTIvalBTTn4eKA2rlRgzVjsBrBtko0R.jpeg,OK,Image source looks usable from CSV only.,"Use evening patio or cocktail imagery with warm light; polished local nightlife, not club-heavy.","Lustre Pearl is a nightlife anchor in Rainey. Save it, get directions, and view nearby resident perks.",pin/icon should be updated for category clarity,P0
half-step,Half Step,nightlife,nightlife,venue,,Rainey,30.2592,-97.7385,"75 1/2 Rainey St, Austin, TX",nightlife,dining,/pins/circular/categories/dining.svg,nightlife,/pins/circular/categories/nightlife.svg,Update recommended,entity,/images/partner/drop-in-images/inkind-table-spread.jpg,OK,Image source looks usable from CSV only.,"Use evening patio or cocktail imagery with warm light; polished local nightlife, not club-heavy.","Half Step is a nightlife anchor in Rainey. Save it, get directions, and view nearby resident perks.",pin/icon should be updated for category clarity,P0
the-independent,The Independent,building,property,property,,Seaholm,30.2686,-97.7522,"301 West Ave, Austin, TX",property,property,/pins/circular/categories/residential.svg,property,/pins/circular/categories/residential.svg,OK,entity,/images/independent_residential_1779052707992.png,OK,Image source looks usable from CSV only.,"Use property exterior, amenity, lobby, or lifestyle image tied to the actual building.","The Independent is a residential property in Seaholm. Save it, get directions, and view nearby resident perks.",No major source issue in CSV.,P2
44-east-ave,44 East Ave,building,property,property,,Rainey,30.2572,-97.7389,"44 East Ave, Austin, TX",property,property,/pins/circular/categories/residential.svg,property,/pins/circular/categories/residential.svg,OK,entity,/images/austonian_lobby_1779052725341.png,OK,Image source looks usable from CSV only.,"Use property exterior, amenity, lobby, or lifestyle image tied to the actual building.","44 East Ave is a residential property in Rainey. Save it, get directions, and view nearby resident perks.",No major source issue in CSV.,P2
hotel-van-zandt,Hotel Van Zandt,hotel,hotel,hotel,,Rainey,30.259966,-97.739141,"605 Davis St, Austin, TX",hotel,hotel,/pins/circular/categories/hotels.svg,hotel,/pins/circular/categories/hotels.svg,OK,entity,/images/hospitality/FVYZlJYG9EOdXp31bh8GIkk3w6mSV8U8I1d9Zqofl--jqIENgWsuqVYVSszwDnFwze8BBSM4tzTLq2Uch3eNsNN7jLRha9DXMuJzwOPIu6IS3i4KPsJjwWZhQG2_2udJyaVJSu7yMNnkDqcXa6Ni_h8cHea5qSaBgHQQcnKPXlD7NqsIYGDxz2TQ1IACJQRP.jpeg,OK,Image source looks usable from CSV only.,"Use official hotel lobby, pool, exterior, or hospitality detail image for that exact property.","Hotel Van Zandt is a hospitality anchor in Rainey. Save it, get directions, and view nearby resident perks.",No major source issue in CSV.,P2
four-seasons-austin,Four Seasons Hotel Austin,hotel,hotel,hotel,,Congress,30.26162,-97.74226,"98 San Jacinto Blvd, Austin, TX",hotel,four_seasons,/pins/circular/brands/four-seasons.svg,four_seasons,/pins/circular/brands/four-seasons.svg,OK,entity,/images/waustin_pool_1779052756806.png,Review,possible image mismatch: W Austin image used for Four Seasons,"Use official hotel lobby, pool, exterior, or hospitality detail image for that exact property.","Four Seasons Hotel Austin is a hospitality anchor in Congress. Save it, get directions, and view nearby resident perks.",No major source issue in CSV.,P1
the-shore,The Shore,building,property,property,,Rainey,30.2586,-97.7382,"603 Davis St, Austin, TX",property,property,/pins/circular/categories/residential.svg,property,/pins/circular/categories/residential.svg,OK,entity,/images/austonian_lobby_1779052725341.png,OK,Image source looks usable from CSV only.,"Use property exterior, amenity, lobby, or lifestyle image tied to the actual building.","The Shore is a residential property in Rainey. Save it, get directions, and view nearby resident perks.",No major source issue in CSV.,P2
milago,Milago,building,property,property,,Rainey,30.2582,-97.7397,"54 Rainey St, Austin, TX",property,property,/pins/circular/categories/residential.svg,property,/pins/circular/categories/residential.svg,OK,entity,/images/motion/5OVOBur8PVysCm5FG_VdOAa7gUhIy1_fvE5kZsu0GsuYm7SNjgBBbVIIlHOziVJCOc7KQxMoc4JfYS5n4KfGSTDmXb6UZcEuaFk9nCXQkN1E78Sv8Pa4g4ktnmgi139nJwRbEqIhH7K1xlwdOC-afhNU2-a7TMFg6QTIvalBTTn4eKA2rlRgzVjsBrBtko0R.jpeg,OK,Image source looks usable from CSV only.,"Use property exterior, amenity, lobby, or lifestyle image tied to the actual building.","Milago is a residential property in Rainey. Save it, get directions, and view nearby resident perks.",No major source issue in CSV.,P2
geraldines,Geraldine's,venue,food,venue,,Rainey,30.2574,-97.738,"605 Davis St, Austin, TX",venue,dining,/pins/circular/categories/dining.svg,dining,/pins/circular/categories/dining.svg,OK,entity,/images/partner/drop-in-images/inkind-plated-dinner.jpg,OK,Image source looks usable from CSV only.,"Use patio, plate, table, or venue atmosphere imagery with resident social energy.","Geraldine's is a food stop in Rainey. Save it, get directions, and view nearby resident perks.",No major source issue in CSV.,P2
le-cafe-crepe,Le Café Crêpe,coffee,coffee,venue,,Congress,30.2636,-97.7415,"200 San Jacinto Blvd, Austin, TX",coffee,dining,/pins/circular/categories/dining.svg,coffee,/pins/circular/categories/coffee.svg,Update recommended,entity,/images/partner_coffee_shop_1779052868356.png,OK,Image source looks usable from CSV only.,"Use bright morning café imagery: counter, cup, pastry, natural light; resident routine energy.","Le Café Crêpe is a coffee stop in Congress. Save it, get directions, and view nearby resident perks.",pin/icon should be updated for category clarity,P0
merit-coffee,Merit Coffee,coffee,coffee,venue,,Seaholm,30.2675,-97.751,"222 West Ave, Austin, TX",coffee,dining,/pins/circular/categories/dining.svg,coffee,/pins/circular/categories/coffee.svg,Update recommended,entity,/images/partner_coffee_shop_1779052868356.png,OK,Image source looks usable from CSV only.,"Use bright morning café imagery: counter, cup, pastry, natural light; resident routine energy.","Merit Coffee is a coffee stop in Seaholm. Save it, get directions, and view nearby resident perks.",pin/icon should be updated for category clarity,P0
trader-joes,Trader Joe's,retail,retail,retail,,Seaholm,30.2673,-97.7527,"211 Walter Seaholm Dr, Austin, TX",retail,retail,/pins/circular/categories/retail.svg,retail,/pins/circular/categories/retail.svg,OK,entity,/images/commercial_street_level_1779052788888.png,OK,Image source looks usable from CSV only.,Use clean storefront or product-detail imagery with a neighborhood errand feel.,"Trader Joe's is a retail stop in Seaholm. Save it, get directions, and view nearby resident perks.",No major source issue in CSV.,P2
royal-blue-grocery,Royal Blue Grocery,retail,retail,retail,,Congress,30.2653,-97.7416,"301 Brazos St, Austin, TX",retail,retail,/pins/circular/categories/retail.svg,retail,/pins/circular/categories/retail.svg,OK,entity,/images/commercial_street_level_1779052788888.png,OK,Image source looks usable from CSV only.,Use clean storefront or product-detail imagery with a neighborhood errand feel.,"Royal Blue Grocery is a retail stop in Congress. Save it, get directions, and view nearby resident perks.",No major source issue in CSV.,P2
acl-live,ACL Live,event,event,venue,,Warehouse,30.265,-97.7472,"310 W Willie Nelson Blvd, Austin, TX",event,dining,/pins/circular/categories/dining.svg,event,/pins/circular/categories/events.svg,Update recommended,entity,/images/moody_theater_live_music_1779052684229.png,OK,Image source looks usable from CSV only.,Use event atmosphere tied to venue/context; include subtle scheduled-experience feel.,"ACL Live is a resident event in Warehouse. Save it, get directions, and view nearby resident perks.",pin/icon should be updated for category clarity,P0
bookpeople,BookPeople,retail,retail,retail,,West Downtown,30.2712,-97.7536,"603 N Lamar Blvd, Austin, TX",retail,retail,/pins/circular/categories/retail.svg,retail,/pins/circular/categories/retail.svg,OK,entity,/images/downtown_art_walk_1779052670656.png,OK,Image source looks usable from CSV only.,Use clean storefront or product-detail imagery with a neighborhood errand feel.,"BookPeople is a retail stop in West Downtown. Save it, get directions, and view nearby resident perks.",No major source issue in CSV.,P2
castle-hill-fitness,Castle Hill Fitness,fitness,wellness,venue,,West Downtown,30.276,-97.7527,"1112 N Lamar Blvd, Austin, TX",fitness,dining,/pins/circular/categories/dining.svg,wellness,/pins/circular/categories/fitness.svg,Update recommended,entity,/images/brands/lululemon-yoga-stage.webp,OK,Image source looks usable from CSV only.,"Use calm active lifestyle or studio imagery; premium wellness, not gym stock-photo energy.","Castle Hill Fitness is a wellness stop in West Downtown. Save it, get directions, and view nearby resident perks.",pin/icon should be updated for category clarity,P0
equinox,Equinox,fitness,wellness,venue,,Congress,30.251,-97.749,"1007 S Congress Ave, Austin, TX",fitness,dining,/pins/circular/categories/dining.svg,wellness,/pins/circular/categories/fitness.svg,Update recommended,entity,/images/partner_wellness_1779052883675.png,OK,Image source looks usable from CSV only.,"Use calm active lifestyle or studio imagery; premium wellness, not gym stock-photo energy.","Equinox is a wellness stop in Congress. Save it, get directions, and view nearby resident perks.",pin/icon should be updated for category clarity,P0
austin-proper,Austin Proper,hotel,hotel,hotel,,Seaholm,30.266281,-97.750109,"600 W 2nd St, Austin, TX",hotel,hotel,/pins/circular/categories/hotels.svg,hotel,/pins/circular/categories/hotels.svg,OK,entity,/images/seaholm_coworking_1779052742037.png,OK,Image source looks usable from CSV only.,"Use official hotel lobby, pool, exterior, or hospitality detail image for that exact property.","Austin Proper is a hospitality anchor in Seaholm. Save it, get directions, and view nearby resident perks.",No major source issue in CSV.,P2
natiivo,Natiivo,building,property,property,,Rainey,30.2569,-97.7386,"48 East Ave, Austin, TX",property,property,/pins/circular/categories/residential.svg,property,/pins/circular/categories/residential.svg,OK,entity,/images/austonian_lobby_1779052725341.png,OK,Image source looks usable from CSV only.,"Use property exterior, amenity, lobby, or lifestyle image tied to the actual building.","Natiivo is a residential property in Rainey. Save it, get directions, and view nearby resident perks.",No major source issue in CSV.,P2
austin-marriott-downtown,Austin Marriott Downtown,hotel,hotel,hotel,,Congress,30.2631,-97.741,"304 E Cesar Chavez St, Austin, TX",hotel,hotel,/pins/circular/categories/hotels.svg,hotel,/pins/circular/categories/hotels.svg,OK,entity,/images/hospitality/FVYZlJYG9EOdXp31bh8GIkk3w6mSV8U8I1d9Zqofl--jqIENgWsuqVYVSszwDnFwze8BBSM4tzTLq2Uch3eNsNN7jLRha9DXMuJzwOPIu6IS3i4KPsJjwWZhQG2_2udJyaVJSu7yMNnkDqcXa6Ni_h8cHea5qSaBgHQQcnKPXlD7NqsIYGDxz2TQ1IACJQRP.jpeg,OK,Image source looks usable from CSV only.,"Use official hotel lobby, pool, exterior, or hospitality detail image for that exact property.","Austin Marriott Downtown is a hospitality anchor in Congress. Save it, get directions, and view nearby resident perks.",No major source issue in CSV.,P2
waterloo-park,Waterloo Park,community,community,civic,,East Downtown,30.2736,-97.7352,"500 E 12th St, Austin, TX",community,civic,/pins/circular/categories/civic.svg,civic,/pins/circular/categories/civic.svg,OK,entity,/images/brands/lululemon-yoga-stage.webp,OK,Image source looks usable from CSV only.,"Use streetscape, park, trail, or civic programming imagery with walkable downtown context.","Waterloo Park is a community anchor in East Downtown. Save it, get directions, and view nearby resident perks.",No major source issue in CSV.,P2
antones,Antone's,culture,culture,venue,,East Downtown,30.2666,-97.7394,"305 E 5th St, Austin, TX",culture,dining,/pins/circular/categories/dining.svg,art,/pins/circular/categories/culture.svg,Update recommended,entity,/images/moody_theater_live_music_1779052684229.png,OK,Image source looks usable from CSV only.,"Use marquee, stage, gallery, or installation imagery. Keep it editorial and downtown-specific.","Antone's is a culture anchor in East Downtown. Save it, get directions, and view nearby resident perks.",pin/icon should be updated for category clarity,P0
the-contemporary-austin,The Contemporary Austin,culture,culture,civic,,Congress,30.269,-97.7428,"700 Congress Ave, Austin, TX",culture,civic,/pins/circular/categories/civic.svg,art,/pins/circular/categories/culture.svg,Update recommended,entity,/images/downtown_art_walk_1779052670656.png,OK,Image source looks usable from CSV only.,"Use marquee, stage, gallery, or installation imagery. Keep it editorial and downtown-specific.","The Contemporary Austin is a culture anchor in Congress. Save it, get directions, and view nearby resident perks.",pin/icon should be updated for category clarity,P0
press-cleaners,Press Cleaners,retail,retail,retail,,West Downtown,30.2664,-97.7468,"Downtown Austin, TX",retail,retail,/pins/circular/categories/retail.svg,retail,/pins/circular/categories/retail.svg,OK,entity,/images/partner_hotel_rooftop_1779052803267.png,OK,Image source looks usable from CSV only.,Use clean storefront or product-detail imagery with a neighborhood errand feel.,"Press Cleaners is a retail stop in West Downtown. Save it, get directions, and view nearby resident perks.",No major source issue in CSV.,P2
rainey-food-drink-loop,Rainey Street Food + Drink Loop,event,event,venue,,Rainey,30.2588,-97.7384,"Rainey Street, Austin, TX",event,dining,/pins/circular/categories/dining.svg,event,/pins/circular/categories/events.svg,Update recommended,entity,/images/partner_dining_patio_1779052819620.png,OK,Image source looks usable from CSV only.,Use event atmosphere tied to venue/context; include subtle scheduled-experience feel.,"Rainey Street Food + Drink Loop is a resident event in Rainey. Save it, get directions, and view nearby resident perks.",pin/icon should be updated for category clarity,P0
stand-up-showcase-comedy-mothership,Stand-Up Showcase at Comedy Mothership,event,event,venue,,East Downtown,30.2676,-97.7385,"320 E 6th St, Austin, TX",event,dining,/pins/circular/categories/dining.svg,event,/pins/circular/categories/events.svg,Update recommended,entity,/images/downtown_art_walk_1779052670656.png,OK,Image source looks usable from CSV only.,Use event atmosphere tied to venue/context; include subtle scheduled-experience feel.,"Stand-Up Showcase at Comedy Mothership is a resident event in East Downtown. Save it, get directions, and view nearby resident perks.",pin/icon should be updated for category clarity,P0
resident-mixer-lustre-pearl,Resident Mixer Night at Lustre Pearl,event,event,venue,,Rainey,30.2584,-97.7388,"94 Rainey St, Austin, TX",event,dining,/pins/circular/categories/dining.svg,event,/pins/circular/categories/events.svg,Update recommended,entity,/images/events/resident-mixer-cool-night.jpeg,OK,Image source looks usable from CSV only.,Use event atmosphere tied to venue/context; include subtle scheduled-experience feel.,"Resident Mixer Night at Lustre Pearl is a resident event in Rainey. Save it, get directions, and view nearby resident perks.",pin/icon should be updated for category clarity,P0
contemporary-members-night,Contemporary Austin Gallery Members Night,event,event,civic,,Congress,30.269,-97.7428,"700 Congress Ave, Austin, TX",event,civic,/pins/circular/categories/civic.svg,event,/pins/circular/categories/events.svg,Update recommended,entity,/images/downtown_art_walk_1779052670656.png,OK,Image source looks usable from CSV only.,Use event atmosphere tied to venue/context; include subtle scheduled-experience feel.,"Contemporary Austin Gallery Members Night is a resident event in Congress. Save it, get directions, and view nearby resident perks.",pin/icon should be updated for category clarity,P0
morning-yoga-waterloo-park,Morning Yoga at Waterloo Park,event,event,civic,,East Downtown,30.2736,-97.7352,"500 E 12th St, Austin, TX",event,civic,/pins/circular/categories/civic.svg,event,/pins/circular/categories/events.svg,Update recommended,entity,/images/events/morning-yoga-waterloo.jpeg,OK,Image source looks usable from CSV only.,Use event atmosphere tied to venue/context; include subtle scheduled-experience feel.,"Morning Yoga at Waterloo Park is a resident event in East Downtown. Save it, get directions, and view nearby resident perks.",pin/icon should be updated for category clarity,P0
craft-cocktail-masterclass-half-step,Craft Cocktail Masterclass at Half Step,event,event,venue,,Rainey,30.2592,-97.7385,"75 1/2 Rainey St, Austin, TX",event,dining,/pins/circular/categories/dining.svg,event,/pins/circular/categories/events.svg,Update recommended,entity,/images/motion/5OVOBur8PVysCm5FG_VdOAa7gUhIy1_fvE5kZsu0GsuYm7SNjgBBbVIIlHOziVJCOc7KQxMoc4JfYS5n4KfGSTDmXb6UZcEuaFk9nCXQkN1E78Sv8Pa4g4ktnmgi139nJwRbEqIhH7K1xlwdOC-afhNU2-a7TMFg6QTIvalBTTn4eKA2rlRgzVjsBrBtko0R.jpeg,OK,Image source looks usable from CSV only.,Use event atmosphere tied to venue/context; include subtle scheduled-experience feel.,"Craft Cocktail Masterclass at Half Step is a resident event in Rainey. Save it, get directions, and view nearby resident perks.",pin/icon should be updated for category clarity,P0
dana-civic-network,DANA,civic,District intelligence partner,civic,,Downtown Core,30.2672,-97.7431,,civic,dana,/pins/circular/brands/dana.svg,dana,/pins/circular/brands/dana.svg,OK,entity,/images/civic_republic_square_1779052838327.png,OK,Image source looks usable from CSV only.,"Use streetscape, park, trail, or civic programming imagery with walkable downtown context.","DANA gives Downtown Perks residents a practical local advantage in Downtown Core. Civic activation and resident engagement layer. Save it, get directions, or explore nearby perks.",address column blank; verify panel does not need visible address,P2
daa-downtown-alliance,DAA,civic,District operations partner,civic,,Downtown Core,30.2678,-97.7428,,civic,daa,/pins/circular/brands/daa.svg,daa,/pins/circular/brands/daa.svg,OK,entity,/images/civic_lake_trail_1779052853070.png,OK,Image source looks usable from CSV only.,"Use streetscape, park, trail, or civic programming imagery with walkable downtown context.","DAA gives Downtown Perks residents a practical local advantage in Downtown Core. District operations and downtown business participation layer. Save it, get directions, or explore nearby perks.",address column blank; verify panel does not need visible address,P2
civic-waterloo,Waterloo Greenway,civic,Community activation,civic,,Red River,30.272,-97.734,,civic,civic,/pins/circular/categories/civic.svg,civic,/pins/circular/categories/civic.svg,OK,entity,/images/events/resident-mixer-cool-night.jpeg,OK,Image source looks usable from CSV only.,"Use streetscape, park, trail, or civic programming imagery with walkable downtown context.","Waterloo Greenway gives Downtown Perks residents a practical local advantage in Red River. Park activation and green space access. Save it, get directions, or explore nearby perks.",address column blank; verify panel does not need visible address; partner panel description missing,P0
brand-inkind,inKind,brand,inkind,inkind,inKind,Downtown dining network,30.2672,-97.7517,,brand,inkind,/pins/circular/brands/inkind.svg,inkind,/pins/circular/brands/inkind.svg,OK,category,/images/partner/drop-in-images/inkind-table-spread.jpg,Review,category fallback image,"Use dining-benefit imagery: table spread, card moment, partner restaurant texture.","inKind gives Downtown Perks residents a practical local advantage in Downtown dining network. inKind dining nearby. Save it, get directions, or explore nearby perks.",address column blank; verify panel does not need visible address,P1
brand-dana,DANA,brand,civic,civic,,Downtown Core,30.2672,-97.7431,,civic,dana,/pins/circular/brands/dana.svg,dana,/pins/circular/brands/dana.svg,OK,category,/images/civic_republic_square_1779052838327.png,Review,category fallback image,"Use streetscape, park, trail, or civic programming imagery with walkable downtown context.","DANA gives Downtown Perks residents a practical local advantage in Downtown Core. Nearby guide and local perks. Save it, get directions, or explore nearby perks.",address column blank; verify panel does not need visible address,P1
brand-daa,DAA,brand,civic,civic,,Downtown Core,30.2678,-97.7428,,civic,daa,/pins/circular/brands/daa.svg,daa,/pins/circular/brands/daa.svg,OK,category,/images/civic_lake_trail_1779052853070.png,Review,category fallback image,"Use streetscape, park, trail, or civic programming imagery with walkable downtown context.","DAA gives Downtown Perks residents a practical local advantage in Downtown Core. Nearby guide and local perks. Save it, get directions, or explore nearby perks.",address column blank; verify panel does not need visible address,P1
brand-the-shore,The Shore,brand,property,property,,Rainey,30.2554,-97.7397,,property,property,/pins/circular/categories/residential.svg,property,/pins/circular/categories/residential.svg,OK,category,/images/austonian_lobby_1779052725341.png,Review,category fallback image,"Use property exterior, amenity, lobby, or lifestyle image tied to the actual building.","The Shore gives Downtown Perks residents a practical local advantage in Rainey. Nearby guide and local perks. Save it, get directions, or explore nearby perks.",address column blank; verify panel does not need visible address,P1
brand-the-waterline,The Waterline,brand,property,property,,Rainey,30.2594,-97.741,,property,property,/pins/circular/categories/residential.svg,property,/pins/circular/categories/residential.svg,OK,entity,/images/austonian_lobby_1779052725341.png,OK,Image source looks usable from CSV only.,"Use property exterior, amenity, lobby, or lifestyle image tied to the actual building.","The Waterline gives Downtown Perks residents a practical local advantage in Rainey. Nearby guide and local perks. Save it, get directions, or explore nearby perks.",address column blank; verify panel does not need visible address,P2
brand-the-paseo,The Paseo,brand,property,property,,Downtown Core,30.2661,-97.7466,,property,property,/pins/circular/categories/residential.svg,property,/pins/circular/categories/residential.svg,OK,entity,/images/commercial_street_level_1779052788888.png,OK,Image source looks usable from CSV only.,"Use property exterior, amenity, lobby, or lifestyle image tied to the actual building.","The Paseo gives Downtown Perks residents a practical local advantage in Downtown Core. Nearby guide and local perks. Save it, get directions, or explore nearby perks.",address column blank; verify panel does not need visible address,P2
brand-bangers,Banger's,brand,restaurant,restaurant,Banger's,Rainey,30.2578,-97.7386,,brand,dining,/pins/circular/categories/dining.svg,dining,/pins/circular/categories/dining.svg,OK,entity,/images/partner_dining_patio_1779052819620.png,OK,Image source looks usable from CSV only.,"Use patio, plate, table, or venue atmosphere imagery with resident social energy.","Banger's gives Downtown Perks residents a practical local advantage in Rainey. Nearby guide and local perks. Save it, get directions, or explore nearby perks.",address column blank; verify panel does not need visible address,P2
brand-the-stay-put,The Stay Put,brand,venue,venue,The Stay Put,Rainey,30.2572,-97.7382,,brand,dining,/pins/circular/categories/dining.svg,dining,/pins/circular/categories/dining.svg,OK,category,/images/motion/5OVOBur8PVysCm5FG_VdOAa7gUhIy1_fvE5kZsu0GsuYm7SNjgBBbVIIlHOziVJCOc7KQxMoc4JfYS5n4KfGSTDmXb6UZcEuaFk9nCXQkN1E78Sv8Pa4g4ktnmgi139nJwRbEqIhH7K1xlwdOC-afhNU2-a7TMFg6QTIvalBTTn4eKA2rlRgzVjsBrBtko0R.jpeg,Review,category fallback image,"Use patio, plate, table, or venue atmosphere imagery with resident social energy.","The Stay Put gives Downtown Perks residents a practical local advantage in Rainey. Nearby guide and local perks. Save it, get directions, or explore nearby perks.",address column blank; verify panel does not need visible address,P1
brand-lustre-pearl,Lustre Pearl,brand,venue,venue,Lustre Pearl,Rainey,30.2582,-97.7389,,brand,dining,/pins/circular/categories/dining.svg,dining,/pins/circular/categories/dining.svg,OK,category,/images/motion/5OVOBur8PVysCm5FG_VdOAa7gUhIy1_fvE5kZsu0GsuYm7SNjgBBbVIIlHOziVJCOc7KQxMoc4JfYS5n4KfGSTDmXb6UZcEuaFk9nCXQkN1E78Sv8Pa4g4ktnmgi139nJwRbEqIhH7K1xlwdOC-afhNU2-a7TMFg6QTIvalBTTn4eKA2rlRgzVjsBrBtko0R.jpeg,Review,category fallback image,"Use patio, plate, table, or venue atmosphere imagery with resident social energy.","Lustre Pearl gives Downtown Perks residents a practical local advantage in Rainey. Nearby guide and local perks. Save it, get directions, or explore nearby perks.",address column blank; verify panel does not need visible address,P1
brand-half-step,Half Step,brand,venue,venue,Half Step,Rainey,30.2574,-97.7387,,brand,dining,/pins/circular/categories/dining.svg,dining,/pins/circular/categories/dining.svg,OK,category,/images/partner/drop-in-images/inkind-table-spread.jpg,Review,category fallback image,"Use patio, plate, table, or venue atmosphere imagery with resident social energy.","Half Step gives Downtown Perks residents a practical local advantage in Rainey. Nearby guide and local perks. Save it, get directions, or explore nearby perks.",address column blank; verify panel does not need visible address,P1
brand-comedy-mothership,Comedy Mothership,brand,culture,culture,Comedy Mothership,6th Street,30.2664,-97.7428,,brand,art,/pins/circular/categories/culture.svg,art,/pins/circular/categories/culture.svg,OK,category,/images/motion/5OVOBur8PVysCm5FG_VdOAa7gUhIy1_fvE5kZsu0GsuYm7SNjgBBbVIIlHOziVJCOc7KQxMoc4JfYS5n4KfGSTDmXb6UZcEuaFk9nCXQkN1E78Sv8Pa4g4ktnmgi139nJwRbEqIhH7K1xlwdOC-afhNU2-a7TMFg6QTIvalBTTn4eKA2rlRgzVjsBrBtko0R.jpeg,Review,category fallback image,"Use marquee, stage, gallery, or installation imagery. Keep it editorial and downtown-specific.","Comedy Mothership gives Downtown Perks residents a practical local advantage in 6th Street. Nearby guide and local perks. Save it, get directions, or explore nearby perks.",address column blank; verify panel does not need visible address,P1
brand-hotel-van-zandt,Hotel Van Zandt,brand,hotel,hotel,,Rainey,30.259966,-97.739141,,hotel,hotel,/pins/circular/categories/hotels.svg,hotel,/pins/circular/categories/hotels.svg,OK,category,/images/hospitality/FVYZlJYG9EOdXp31bh8GIkk3w6mSV8U8I1d9Zqofl--jqIENgWsuqVYVSszwDnFwze8BBSM4tzTLq2Uch3eNsNN7jLRha9DXMuJzwOPIu6IS3i4KPsJjwWZhQG2_2udJyaVJSu7yMNnkDqcXa6Ni_h8cHea5qSaBgHQQcnKPXlD7NqsIYGDxz2TQ1IACJQRP.jpeg,Review,category fallback image,"Use official hotel lobby, pool, exterior, or hospitality detail image for that exact property.","Hotel Van Zandt gives Downtown Perks residents a practical local advantage in Rainey. Nearby guide and local perks. Save it, get directions, or explore nearby perks.",address column blank; verify panel does not need visible address,P1
brand-geraldines,Geraldine's,brand,restaurant,restaurant,Geraldine's,Rainey,30.2568,-97.7391,,brand,inkind,/pins/circular/brands/inkind.svg,inkind,/pins/circular/brands/inkind.svg,OK,category,/images/partner/drop-in-images/inkind-plated-dinner.jpg,Review,category fallback image,"Use patio, plate, table, or venue atmosphere imagery with resident social energy.","Geraldine's gives Downtown Perks residents a practical local advantage in Rainey. Nearby guide and local perks. Save it, get directions, or explore nearby perks.",address column blank; verify panel does not need visible address,P1
brand-four-seasons,Four Seasons Austin,brand,hotel,hotel,,Downtown Core,30.26162,-97.74226,,hotel,four_seasons,/pins/circular/brands/four-seasons.svg,four_seasons,/pins/circular/brands/four-seasons.svg,OK,category,/images/waustin_pool_1779052756806.png,Review,category fallback image; possible image mismatch: W Austin image used for Four Seasons,"Use official hotel lobby, pool, exterior, or hospitality detail image for that exact property.","Four Seasons Austin gives Downtown Perks residents a practical local advantage in Downtown Core. Nearby guide and local perks. Save it, get directions, or explore nearby perks.",address column blank; verify panel does not need visible address,P1
brand-four-seasons-residences,Four Seasons Residences,brand,property,property,,Downtown Core,30.2617,-97.742,,property,four_seasons,/pins/circular/brands/four-seasons.svg,four_seasons,/pins/circular/brands/four-seasons.svg,OK,category,/images/waustin_pool_1779052756806.png,Review,category fallback image; possible image mismatch: W Austin image used for Four Seasons,"Use property exterior, amenity, lobby, or lifestyle image tied to the actual building.","Four Seasons Residences gives Downtown Perks residents a practical local advantage in Downtown Core. Nearby guide and local perks. Save it, get directions, or explore nearby perks.",address column blank; verify panel does not need visible address,P1
brand-the-line-austin,The Line Austin,brand,hotel,hotel,,Congress,30.2627,-97.7435,,hotel,hotel,/pins/circular/categories/hotels.svg,hotel,/pins/circular/categories/hotels.svg,OK,entity,/images/hospitality/FVYZlJYG9EOdXp31bh8GIkk3w6mSV8U8I1d9Zqofl--jqIENgWsuqVYVSszwDnFwze8BBSM4tzTLq2Uch3eNsNN7jLRha9DXMuJzwOPIu6IS3i4KPsJjwWZhQG2_2udJyaVJSu7yMNnkDqcXa6Ni_h8cHea5qSaBgHQQcnKPXlD7NqsIYGDxz2TQ1IACJQRP.jpeg,OK,Image source looks usable from CSV only.,"Use official hotel lobby, pool, exterior, or hospitality detail image for that exact property.","The Line Austin gives Downtown Perks residents a practical local advantage in Congress. Nearby guide and local perks. Save it, get directions, or explore nearby perks.",address column blank; verify panel does not need visible address,P2
brand-fairmont-austin,Fairmont Austin,brand,hotel,hotel,,Convention Core,30.2622,-97.7404,,hotel,hotel,/pins/circular/categories/hotels.svg,hotel,/pins/circular/categories/hotels.svg,OK,category,/images/hospitality/FVYZlJYG9EOdXp31bh8GIkk3w6mSV8U8I1d9Zqofl--jqIENgWsuqVYVSszwDnFwze8BBSM4tzTLq2Uch3eNsNN7jLRha9DXMuJzwOPIu6IS3i4KPsJjwWZhQG2_2udJyaVJSu7yMNnkDqcXa6Ni_h8cHea5qSaBgHQQcnKPXlD7NqsIYGDxz2TQ1IACJQRP.jpeg,Review,category fallback image,"Use official hotel lobby, pool, exterior, or hospitality detail image for that exact property.","Fairmont Austin gives Downtown Perks residents a practical local advantage in Convention Core. Nearby guide and local perks. Save it, get directions, or explore nearby perks.",address column blank; verify panel does not need visible address,P1
brand-austin-marriott-downtown,Austin Marriott Downtown,brand,hotel,hotel,,Convention Core,30.2634,-97.7402,,hotel,hotel,/pins/circular/categories/hotels.svg,hotel,/pins/circular/categories/hotels.svg,OK,category,/images/hospitality/FVYZlJYG9EOdXp31bh8GIkk3w6mSV8U8I1d9Zqofl--jqIENgWsuqVYVSszwDnFwze8BBSM4tzTLq2Uch3eNsNN7jLRha9DXMuJzwOPIu6IS3i4KPsJjwWZhQG2_2udJyaVJSu7yMNnkDqcXa6Ni_h8cHea5qSaBgHQQcnKPXlD7NqsIYGDxz2TQ1IACJQRP.jpeg,Review,category fallback image,"Use official hotel lobby, pool, exterior, or hospitality detail image for that exact property.","Austin Marriott Downtown gives Downtown Perks residents a practical local advantage in Convention Core. Nearby guide and local perks. Save it, get directions, or explore nearby perks.",address column blank; verify panel does not need visible address,P1
brand-royal-blue-grocery,Royal Blue Grocery,brand,retail,retail,Royal Blue Grocery,Downtown Core,30.2665,-97.7432,,brand,retail,/pins/circular/categories/retail.svg,retail,/pins/circular/categories/retail.svg,OK,category,/images/panels/yeti.jpeg,Review,category fallback image; possible image mismatch: YETI image used for other retail,Use clean storefront or product-detail imagery with a neighborhood errand feel.,"Royal Blue Grocery gives Downtown Perks residents a practical local advantage in Downtown Core. Nearby guide and local perks. Save it, get directions, or explore nearby perks.",address column blank; verify panel does not need visible address,P1
brand-jos-coffee,Jo's Coffee,brand,coffee,coffee,Jo's Coffee,2nd Street,30.2516,-97.7494,,brand,coffee,/pins/circular/categories/coffee.svg,coffee,/pins/circular/categories/coffee.svg,OK,entity,/images/partner_coffee_shop_1779052868356.png,OK,Image source looks usable from CSV only.,"Use bright morning café imagery: counter, cup, pastry, natural light; resident routine energy.","Jo's Coffee gives Downtown Perks residents a practical local advantage in 2nd Street. Nearby guide and local perks. Save it, get directions, or explore nearby perks.",address column blank; verify panel does not need visible address,P2
brand-merit-coffee,Merit Coffee,brand,coffee,coffee,Merit Coffee,Downtown Core,30.2657,-97.7473,,brand,coffee,/pins/circular/categories/coffee.svg,coffee,/pins/circular/categories/coffee.svg,OK,entity,/images/partner_coffee_shop_1779052868356.png,OK,Image source looks usable from CSV only.,"Use bright morning café imagery: counter, cup, pastry, natural light; resident routine energy.","Merit Coffee gives Downtown Perks residents a practical local advantage in Downtown Core. Nearby guide and local perks. Save it, get directions, or explore nearby perks.",address column blank; verify panel does not need visible address,P2
brand-le-cafe-crepe,Le Cafe Crepe,brand,coffee,coffee,Le Cafe Crepe,Congress,30.2671,-97.7426,,brand,coffee,/pins/circular/categories/coffee.svg,coffee,/pins/circular/categories/coffee.svg,OK,entity,/images/partner_coffee_shop_1779052868356.png,OK,Image source looks usable from CSV only.,"Use bright morning café imagery: counter, cup, pastry, natural light; resident routine energy.","Le Cafe Crepe gives Downtown Perks residents a practical local advantage in Congress. Nearby guide and local perks. Save it, get directions, or explore nearby perks.",address column blank; verify panel does not need visible address,P2
brand-fareground,Fareground,brand,restaurant,restaurant,Fareground,Congress,30.2632,-97.7438,,brand,dining,/pins/circular/categories/dining.svg,dining,/pins/circular/categories/dining.svg,OK,category,/images/partner_dining_patio_1779052819620.png,Review,category fallback image,"Use patio, plate, table, or venue atmosphere imagery with resident social energy.","Fareground gives Downtown Perks residents a practical local advantage in Congress. Nearby guide and local perks. Save it, get directions, or explore nearby perks.",address column blank; verify panel does not need visible address,P1
brand-acl-live,ACL Live,brand,event,event,ACL Live,2nd Street,30.265,-97.7472,,brand,event,/pins/circular/categories/events.svg,event,/pins/circular/categories/events.svg,OK,entity,/images/moody_theater_live_music_1779052684229.png,OK,Image source looks usable from CSV only.,Use event atmosphere tied to venue/context; include subtle scheduled-experience feel.,"ACL Live gives Downtown Perks residents a practical local advantage in 2nd Street. Nearby guide and local perks. Save it, get directions, or explore nearby perks.",address column blank; verify panel does not need visible address,P2
brand-antones,Antone's,brand,culture,culture,Antone's,Downtown Core,30.2669,-97.7429,,brand,art,/pins/circular/categories/culture.svg,art,/pins/circular/categories/culture.svg,OK,entity,/images/moody_theater_live_music_1779052684229.png,OK,Image source looks usable from CSV only.,"Use marquee, stage, gallery, or installation imagery. Keep it editorial and downtown-specific.","Antone's gives Downtown Perks residents a practical local advantage in Downtown Core. Nearby guide and local perks. Save it, get directions, or explore nearby perks.",address column blank; verify panel does not need visible address,P2
brand-the-contemporary-austin,The Contemporary Austin,brand,culture,culture,The Contemporary Austin,Congress,30.2686,-97.7438,,brand,art,/pins/circular/categories/culture.svg,art,/pins/circular/categories/culture.svg,OK,entity,/images/downtown_art_walk_1779052670656.png,OK,Image source looks usable from CSV only.,"Use marquee, stage, gallery, or installation imagery. Keep it editorial and downtown-specific.","The Contemporary Austin gives Downtown Perks residents a practical local advantage in Congress. Nearby guide and local perks. Save it, get directions, or explore nearby perks.",address column blank; verify panel does not need visible address,P2
brand-bookpeople,BookPeople,brand,retail,retail,BookPeople,Market District,30.2718,-97.752,,brand,retail,/pins/circular/categories/retail.svg,retail,/pins/circular/categories/retail.svg,OK,category,/images/panels/yeti.jpeg,Review,category fallback image; possible image mismatch: YETI image used for other retail,Use clean storefront or product-detail imagery with a neighborhood errand feel.,"BookPeople gives Downtown Perks residents a practical local advantage in Market District. Nearby guide and local perks. Save it, get directions, or explore nearby perks.",address column blank; verify panel does not need visible address,P1
brand-trader-joes,Trader Joe's,brand,retail,retail,Trader Joe's,Seaholm,30.2672,-97.7501,,brand,retail,/pins/circular/categories/retail.svg,retail,/pins/circular/categories/retail.svg,OK,category,/images/panels/yeti.jpeg,Review,category fallback image; possible image mismatch: YETI image used for other retail,Use clean storefront or product-detail imagery with a neighborhood errand feel.,"Trader Joe's gives Downtown Perks residents a practical local advantage in Seaholm. Nearby guide and local perks. Save it, get directions, or explore nearby perks.",address column blank; verify panel does not need visible address,P1
brand-yeti,YETI,brand,retail,retail,YETI,2nd Street,30.2648,-97.7478,,brand,yeti,/pins/circular/brands/yeti.svg,yeti,/pins/circular/brands/yeti.svg,OK,category,/images/panels/yeti.jpeg,Review,category fallback image,Use clean storefront or product-detail imagery with a neighborhood errand feel.,"YETI gives Downtown Perks residents a practical local advantage in 2nd Street. Nearby guide and local perks. Save it, get directions, or explore nearby perks.",address column blank; verify panel does not need visible address,P1
brand-rivian,Rivian,brand,retail,retail,Rivian,Downtown Core,30.2655,-97.7468,,brand,rivian,/pins/circular/brands/rivian.svg,rivian,/pins/circular/brands/rivian.svg,OK,category,/images/brands/rivian-city-night.jpeg,Review,category fallback image,Use clean storefront or product-detail imagery with a neighborhood errand feel.,"Rivian gives Downtown Perks residents a practical local advantage in Downtown Core. Nearby guide and local perks. Save it, get directions, or explore nearby perks.",address column blank; verify panel does not need visible address,P1
brand-lululemon,lululemon,brand,wellness,wellness,lululemon,2nd Street,30.2659,-97.7476,,brand,wellness,/pins/circular/categories/fitness.svg,wellness,/pins/circular/categories/fitness.svg,OK,category,/images/brands/lululemon-yoga-stage.webp,Review,category fallback image,"Use calm active lifestyle or studio imagery; premium wellness, not gym stock-photo energy.","lululemon gives Downtown Perks residents a practical local advantage in 2nd Street. Nearby guide and local perks. Save it, get directions, or explore nearby perks.",address column blank; verify panel does not need visible address,P1
brand-equinox,Equinox,brand,wellness,wellness,Equinox,2nd Street,30.2654,-97.7481,,brand,wellness,/pins/circular/categories/fitness.svg,wellness,/pins/circular/categories/fitness.svg,OK,entity,/images/partner_wellness_1779052883675.png,OK,Image source looks usable from CSV only.,"Use calm active lifestyle or studio imagery; premium wellness, not gym stock-photo energy.","Equinox gives Downtown Perks residents a practical local advantage in 2nd Street. Nearby guide and local perks. Save it, get directions, or explore nearby perks.",address column blank; verify panel does not need visible address,P2
brand-fabi-and-rosi,Fabi & Rosi,brand,restaurant,restaurant,Fabi & Rosi,West Downtown,30.2725,-97.7592,,brand,dining,/pins/circular/categories/dining.svg,dining,/pins/circular/categories/dining.svg,OK,category,/images/partner/drop-in-images/inkind-plated-dinner.jpg,Review,category fallback image,"Use patio, plate, table, or venue atmosphere imagery with resident social energy.","Fabi & Rosi gives Downtown Perks residents a practical local advantage in West Downtown. Nearby guide and local perks. Save it, get directions, or explore nearby perks.",address column blank; verify panel does not need visible address,P1
brand-laz-y-boy-park,La-Z-Boy Park,brand,event,event,La-Z-Boy Park,Market District,30.2687,-97.7509,,brand,event,/pins/circular/categories/events.svg,event,/pins/circular/categories/events.svg,OK,category,/images/civic_lake_trail_1779052853070.png,Review,category fallback image,Use event atmosphere tied to venue/context; include subtle scheduled-experience feel.,"La-Z-Boy Park gives Downtown Perks residents a practical local advantage in Market District. Nearby guide and local perks. Save it, get directions, or explore nearby perks.",address column blank; verify panel does not need visible address,P1
brand-austin-fc,Austin FC,brand,event,event,Austin FC,Market District,30.2687,-97.7509,,brand,event,/pins/circular/categories/events.svg,event,/pins/circular/categories/events.svg,OK,category,/images/commercial_street_level_1779052788888.png,Review,category fallback image; generic street image; replace with event/venue visual,Use event atmosphere tied to venue/context; include subtle scheduled-experience feel.,"Austin FC gives Downtown Perks residents a practical local advantage in Market District. Nearby guide and local perks. Save it, get directions, or explore nearby perks.",address column blank; verify panel does not need visible address,P1
brand-equinox-austin,Equinox Austin,brand,wellness,wellness,Equinox Austin,2nd Street,30.2654,-97.7481,,brand,wellness,/pins/circular/categories/fitness.svg,wellness,/pins/circular/categories/fitness.svg,OK,category,/images/brands/lululemon-yoga-stage.webp,Review,category fallback image,"Use calm active lifestyle or studio imagery; premium wellness, not gym stock-photo energy.","Equinox Austin gives Downtown Perks residents a practical local advantage in 2nd Street. Nearby guide and local perks. Save it, get directions, or explore nearby perks.",address column blank; verify panel does not need visible address,P1
brand-castle-hill-fitness,Castle Hill Fitness,brand,wellness,wellness,Castle Hill Fitness,Market District,30.276,-97.7472,,brand,wellness,/pins/circular/categories/fitness.svg,wellness,/pins/circular/categories/fitness.svg,OK,category,/images/brands/lululemon-yoga-stage.webp,Review,category fallback image,"Use calm active lifestyle or studio imagery; premium wellness, not gym stock-photo energy.","Castle Hill Fitness gives Downtown Perks residents a practical local advantage in Market District. Nearby guide and local perks. Save it, get directions, or explore nearby perks.",address column blank; verify panel does not need visible address,P1
brand-press-cleaners,Press Cleaners,brand,service,service,Press Cleaners,Downtown Core,30.2645,-97.7465,,brand,partner-location,/pins/circular/system/partner-location.svg,services,/pins/circular/categories/services.svg,Update recommended,entity,/images/commercial_lobby_arrival_1779052774111.png,OK,Image source looks usable from CSV only.,"Use crisp practical-service imagery; clean, efficient, useful.","Press Cleaners gives Downtown Perks residents a practical local advantage in Downtown Core. Nearby guide and local perks. Save it, get directions, or explore nearby perks.",pin/icon should be updated for category clarity; address column blank; verify panel does not need visible address,P0
brand-the-independent,The Independent,brand,property,property,,Seaholm,30.2677,-97.7514,,property,property,/pins/circular/categories/residential.svg,property,/pins/circular/categories/residential.svg,OK,category,/images/brands/lululemon-yoga-stage.webp,Review,category fallback image; possible image mismatch: wellness image used for property,"Use property exterior, amenity, lobby, or lifestyle image tied to the actual building.","The Independent gives Downtown Perks residents a practical local advantage in Seaholm. Nearby guide and local perks. Save it, get directions, or explore nearby perks.",address column blank; verify panel does not need visible address,P1
brand-44-east-ave,44 East Ave,brand,property,property,,Rainey,30.2568,-97.74,,property,property,/pins/circular/categories/residential.svg,property,/pins/circular/categories/residential.svg,OK,category,/images/austonian_lobby_1779052725341.png,Review,category fallback image,"Use property exterior, amenity, lobby, or lifestyle image tied to the actual building.","44 East Ave gives Downtown Perks residents a practical local advantage in Rainey. Nearby guide and local perks. Save it, get directions, or explore nearby perks.",address column blank; verify panel does not need visible address,P1
brand-70-rainey,70 Rainey,brand,property,property,,Rainey,30.2559,-97.7393,,property,property,/pins/circular/categories/residential.svg,property,/pins/circular/categories/residential.svg,OK,category,/images/austonian_lobby_1779052725341.png,Review,category fallback image,"Use property exterior, amenity, lobby, or lifestyle image tied to the actual building.","70 Rainey gives Downtown Perks residents a practical local advantage in Rainey. Nearby guide and local perks. Save it, get directions, or explore nearby perks.",address column blank; verify panel does not need visible address,P1
brand-natiivo-austin,Natiivo Austin,brand,property,property,,Rainey,30.2561,-97.7385,,property,property,/pins/circular/categories/residential.svg,property,/pins/circular/categories/residential.svg,OK,entity,/images/austonian_lobby_1779052725341.png,OK,Image source looks usable from CSV only.,"Use property exterior, amenity, lobby, or lifestyle image tied to the actual building.","Natiivo Austin gives Downtown Perks residents a practical local advantage in Rainey. Nearby guide and local perks. Save it, get directions, or explore nearby perks.",address column blank; verify panel does not need visible address,P2
brand-austin-proper-residences,Austin Proper Residences,brand,property,property,,Seaholm,30.266281,-97.750109,,property,property,/pins/circular/categories/residential.svg,property,/pins/circular/categories/residential.svg,OK,category,/images/brands/lululemon-yoga-stage.webp,Review,category fallback image; possible image mismatch: wellness image used for property,"Use property exterior, amenity, lobby, or lifestyle image tied to the actual building.","Austin Proper Residences gives Downtown Perks residents a practical local advantage in Seaholm. Nearby guide and local perks. Save it, get directions, or explore nearby perks.",address column blank; verify panel does not need visible address,P1
four-seasons-resident-perk,Four Seasons,perk,perk,hospitality,,Downtown Core,30.26162,-97.74226,"98 San Jacinto Blvd, Austin, TX",perk,four_seasons,/pins/circular/brands/four-seasons.svg,four_seasons,/pins/circular/brands/four-seasons.svg,OK,entity,/images/perks/four-seasons.jpg,OK,Image source looks usable from CSV only.,"Use patio, plate, table, or venue atmosphere imagery with resident social energy.","Four Seasons gives Downtown Perks residents a practical local advantage in Downtown Core. Spa & dining resident perks. Save it, get directions, or explore nearby perks.",No major source issue in CSV.,P2
inkind-tenten,TenTen,venue,restaurant,venue,,West 6th,30.2684,-97.7492,,venue,inkind,/pins/circular/brands/inkind.svg,inkind,/pins/circular/brands/inkind.svg,OK,entity,/images/partner/drop-in-images/inkind-plated-dinner.jpg,OK,Image source looks usable from CSV only.,"Use patio, plate, table, or venue atmosphere imagery with resident social energy.","TenTen gives Downtown Perks residents a practical local advantage in West 6th. Resident dinner benefit at a participating inKind restaurant. Save it, get directions, or explore nearby perks.",address column blank; verify panel does not need visible address,P2
inkind-ember-kitchen,Ember Kitchen,venue,restaurant,venue,,Cesar Chavez / West Downtown,30.2651,-97.7514,,venue,inkind,/pins/circular/brands/inkind.svg,inkind,/pins/circular/brands/inkind.svg,OK,entity,/images/partner/drop-in-images/inkind-plated-dinner.jpg,OK,Image source looks usable from CSV only.,"Use patio, plate, table, or venue atmosphere imagery with resident social energy.","Ember Kitchen gives Downtown Perks residents a practical local advantage in Cesar Chavez / West Downtown. Resident dinner benefit for a tasting-night plan. Save it, get directions, or explore nearby perks.",address column blank; verify panel does not need visible address,P2
inkind-guest-house,The Guest House,venue,restaurant,venue,,West Downtown,30.2672,-97.7517,,venue,inkind,/pins/circular/brands/inkind.svg,inkind,/pins/circular/brands/inkind.svg,OK,entity,/images/partner/drop-in-images/inkind-plated-dinner.jpg,OK,Image source looks usable from CSV only.,"Use patio, plate, table, or venue atmosphere imagery with resident social energy.","The Guest House gives Downtown Perks residents a practical local advantage in West Downtown. A good choice for group dinners, nights out, and an easy plan nearby.. Save it, get directions, or explore nearby perks.",address column blank; verify panel does not need visible address,P2
legends-301-west-3604,"301 West Ave # 3604, Austin TX, 78701",listing,property,real_estate,Legends Real Estate,Market District / West Downtown,30.26688,-97.74721,,listing,listing,/pins/circular/special/legends-badge.svg,listing,/pins/circular/special/legends-badge.svg,OK,entity,/images/commercial_street_level_1779052788888.png,Review,listing panels should use listing/building-specific hero,Use a listing-specific hero image or building-level hero. Avoid generic street/lobby fallback for conversion panels.,"301 West Ave # 3604, Austin TX, 78701 is a Legends real estate listing in Market District / West Downtown. View the property, compare nearby resident perks, and contact the property team from the panel.",address column is blank; parse from name or populate explicit address for search/contact metadata; resident panel copy is too generic; replace with listing/entity-specific copy,P1
legends-506-w-7th-1,"506 W 7th ST # 1, Austin TX, 78701",listing,property,real_estate,Legends Real Estate,Downtown Austin,30.26963,-97.74711,,listing,listing,/pins/circular/special/legends-badge.svg,listing,/pins/circular/special/legends-badge.svg,OK,entity,/images/legends/2e7c0103-7197-4262-929e-2d9009852a37.avif,Review,listing panels should use listing/building-specific hero,Use a listing-specific hero image or building-level hero. Avoid generic street/lobby fallback for conversion panels.,"506 W 7th ST # 1, Austin TX, 78701 is a Legends real estate listing in Downtown Austin. View the property, compare nearby resident perks, and contact the property team from the panel.",address column is blank; parse from name or populate explicit address for search/contact metadata; resident panel copy is too generic; replace with listing/entity-specific copy,P1
legends-603-davis-1103,"603 Davis ST # 1103, Austin TX, 78701",listing,property,real_estate,Legends Real Estate,Rainey / East Downtown,30.25878,-97.73923,,listing,listing,/pins/circular/special/legends-badge.svg,listing,/pins/circular/special/legends-badge.svg,OK,entity,/images/austonian_lobby_1779052725341.png,Review,listing panels should use listing/building-specific hero,Use a listing-specific hero image or building-level hero. Avoid generic street/lobby fallback for conversion panels.,"603 Davis ST # 1103, Austin TX, 78701 is a Legends real estate listing in Rainey / East Downtown. View the property, compare nearby resident perks, and contact the property team from the panel.",address column is blank; parse from name or populate explicit address for search/contact metadata; resident panel copy is too generic; replace with listing/entity-specific copy,P1
legends-360-nueces-2501,"360 Nueces ST # 2501, Austin TX, 78701",listing,property,real_estate,Legends Real Estate,Market District / West Downtown,30.26724,-97.74674,,listing,listing,/pins/circular/special/legends-badge.svg,listing,/pins/circular/special/legends-badge.svg,OK,entity,/images/commercial_street_level_1779052788888.png,Review,listing panels should use listing/building-specific hero,Use a listing-specific hero image or building-level hero. Avoid generic street/lobby fallback for conversion panels.,"360 Nueces ST # 2501, Austin TX, 78701 is a Legends real estate listing in Market District / West Downtown. View the property, compare nearby resident perks, and contact the property team from the panel.",address column is blank; parse from name or populate explicit address for search/contact metadata; resident panel copy is too generic; replace with listing/entity-specific copy,P1
legends-603-davis-907,"603 Davis ST # 907, Austin TX, 78701",listing,property,real_estate,Legends Real Estate,Rainey / East Downtown,30.25878,-97.73923,,listing,listing,/pins/circular/special/legends-badge.svg,listing,/pins/circular/special/legends-badge.svg,OK,entity,/images/austonian_lobby_1779052725341.png,Review,listing panels should use listing/building-specific hero,Use a listing-specific hero image or building-level hero. Avoid generic street/lobby fallback for conversion panels.,"603 Davis ST # 907, Austin TX, 78701 is a Legends real estate listing in Rainey / East Downtown. View the property, compare nearby resident perks, and contact the property team from the panel.",address column is blank; parse from name or populate explicit address for search/contact metadata; resident panel copy is too generic; replace with listing/entity-specific copy,P1
legends-507-sabine-707,"507 Sabine ST # 707, Austin TX, 78701",listing,property,real_estate,Legends Real Estate,Downtown Core,30.26637,-97.73651,,listing,listing,/pins/circular/special/legends-badge.svg,listing,/pins/circular/special/legends-badge.svg,OK,entity,/images/legends/2e7c0103-7197-4262-929e-2d9009852a37.avif,Review,listing panels should use listing/building-specific hero,Use a listing-specific hero image or building-level hero. Avoid generic street/lobby fallback for conversion panels.,"507 Sabine ST # 707, Austin TX, 78701 is a Legends real estate listing in Downtown Core. View the property, compare nearby resident perks, and contact the property team from the panel.",address column is blank; parse from name or populate explicit address for search/contact metadata; resident panel copy is too generic; replace with listing/entity-specific copy,P1
legends-501-west-2002,"501 West Ave # 2002, Austin TX, 78701",listing,property,real_estate,Legends Real Estate,Market District / West Downtown,30.26558,-97.74731,,listing,listing,/pins/circular/special/legends-badge.svg,listing,/pins/circular/special/legends-badge.svg,OK,entity,/images/commercial_street_level_1779052788888.png,Review,listing panels should use listing/building-specific hero,Use a listing-specific hero image or building-level hero. Avoid generic street/lobby fallback for conversion panels.,"501 West Ave # 2002, Austin TX, 78701 is a Legends real estate listing in Market District / West Downtown. View the property, compare nearby resident perks, and contact the property team from the panel.",address column is blank; parse from name or populate explicit address for search/contact metadata; resident panel copy is too generic; replace with listing/entity-specific copy,P1
legends-210-lavaca-1810,"210 Lavaca ST # 1810, Austin TX, 78701",listing,property,real_estate,Legends Real Estate,Market District / West Downtown,30.26529,-97.74408,,listing,listing,/pins/circular/special/legends-badge.svg,listing,/pins/circular/special/legends-badge.svg,OK,entity,/images/commercial_street_level_1779052788888.png,Review,listing panels should use listing/building-specific hero,Use a listing-specific hero image or building-level hero. Avoid generic street/lobby fallback for conversion panels.,"210 Lavaca ST # 1810, Austin TX, 78701 is a Legends real estate listing in Market District / West Downtown. View the property, compare nearby resident perks, and contact the property team from the panel.",address column is blank; parse from name or populate explicit address for search/contact metadata; resident panel copy is too generic; replace with listing/entity-specific copy,P1
legends-301-west-1009,"301 West Ave # 1009, Austin TX, 78701",listing,property,real_estate,Legends Real Estate,Market District / West Downtown,30.26688,-97.74721,,listing,listing,/pins/circular/special/legends-badge.svg,listing,/pins/circular/special/legends-badge.svg,OK,entity,/images/commercial_street_level_1779052788888.png,Review,listing panels should use listing/building-specific hero,Use a listing-specific hero image or building-level hero. Avoid generic street/lobby fallback for conversion panels.,"301 West Ave # 1009, Austin TX, 78701 is a Legends real estate listing in Market District / West Downtown. View the property, compare nearby resident perks, and contact the property team from the panel.",address column is blank; parse from name or populate explicit address for search/contact metadata; resident panel copy is too generic; replace with listing/entity-specific copy,P1
legends-360-nueces-1707,"360 Nueces ST # 1707, Austin TX, 78701",listing,property,real_estate,Legends Real Estate,Market District / West Downtown,30.26724,-97.74674,,listing,listing,/pins/circular/special/legends-badge.svg,listing,/pins/circular/special/legends-badge.svg,OK,entity,/images/commercial_street_level_1779052788888.png,Review,listing panels should use listing/building-specific hero,Use a listing-specific hero image or building-level hero. Avoid generic street/lobby fallback for conversion panels.,"360 Nueces ST # 1707, Austin TX, 78701 is a Legends real estate listing in Market District / West Downtown. View the property, compare nearby resident perks, and contact the property team from the panel.",address column is blank; parse from name or populate explicit address for search/contact metadata; resident panel copy is too generic; replace with listing/entity-specific copy,P1
legends-301-west-3104,"301 West Ave # 3104, Austin TX, 78701",listing,property,real_estate,Legends Real Estate,Market District / West Downtown,30.26688,-97.74721,,listing,listing,/pins/circular/special/legends-badge.svg,listing,/pins/circular/special/legends-badge.svg,OK,entity,/images/commercial_street_level_1779052788888.png,Review,listing panels should use listing/building-specific hero,Use a listing-specific hero image or building-level hero. Avoid generic street/lobby fallback for conversion panels.,"301 West Ave # 3104, Austin TX, 78701 is a Legends real estate listing in Market District / West Downtown. View the property, compare nearby resident perks, and contact the property team from the panel.",address column is blank; parse from name or populate explicit address for search/contact metadata; resident panel copy is too generic; replace with listing/entity-specific copy,P1
legends-84-east-1906,"84 East Ave # 1906, Austin TX, 78701",listing,property,real_estate,Legends Real Estate,Rainey / East Downtown,30.25954,-97.73878,,listing,listing,/pins/circular/special/legends-badge.svg,listing,/pins/circular/special/legends-badge.svg,OK,entity,/images/austonian_lobby_1779052725341.png,Review,listing panels should use listing/building-specific hero,Use a listing-specific hero image or building-level hero. Avoid generic street/lobby fallback for conversion panels.,"84 East Ave # 1906, Austin TX, 78701 is a Legends real estate listing in Rainey / East Downtown. View the property, compare nearby resident perks, and contact the property team from the panel.",address column is blank; parse from name or populate explicit address for search/contact metadata; resident panel copy is too generic; replace with listing/entity-specific copy,P1
legends-507-sabine-908,"507 Sabine ST # 908, Austin TX, 78701",listing,property,real_estate,Legends Real Estate,Downtown Core,30.26637,-97.73651,,listing,listing,/pins/circular/special/legends-badge.svg,listing,/pins/circular/special/legends-badge.svg,OK,entity,/images/legends/2e7c0103-7197-4262-929e-2d9009852a37.avif,Review,listing panels should use listing/building-specific hero,Use a listing-specific hero image or building-level hero. Avoid generic street/lobby fallback for conversion panels.,"507 Sabine ST # 908, Austin TX, 78701 is a Legends real estate listing in Downtown Core. View the property, compare nearby resident perks, and contact the property team from the panel.",address column is blank; parse from name or populate explicit address for search/contact metadata; resident panel copy is too generic; replace with listing/entity-specific copy,P1
legends-84-east-2003,"84 East Ave # 2003, Austin TX, 78701",listing,property,real_estate,Legends Real Estate,Rainey / East Downtown,30.25954,-97.73878,,listing,listing,/pins/circular/special/legends-badge.svg,listing,/pins/circular/special/legends-badge.svg,OK,entity,/images/austonian_lobby_1779052725341.png,Review,listing panels should use listing/building-specific hero,Use a listing-specific hero image or building-level hero. Avoid generic street/lobby fallback for conversion panels.,"84 East Ave # 2003, Austin TX, 78701 is a Legends real estate listing in Rainey / East Downtown. View the property, compare nearby resident perks, and contact the property team from the panel.",address column is blank; parse from name or populate explicit address for search/contact metadata; resident panel copy is too generic; replace with listing/entity-specific copy,P1
legends-84-east-2508,"84 East Ave # 2508, Austin TX, 78701",listing,property,real_estate,Legends Real Estate,Rainey / East Downtown,30.25954,-97.73878,,listing,listing,/pins/circular/special/legends-badge.svg,listing,/pins/circular/special/legends-badge.svg,OK,entity,/images/austonian_lobby_1779052725341.png,Review,listing panels should use listing/building-specific hero,Use a listing-specific hero image or building-level hero. Avoid generic street/lobby fallback for conversion panels.,"84 East Ave # 2508, Austin TX, 78701 is a Legends real estate listing in Rainey / East Downtown. View the property, compare nearby resident perks, and contact the property team from the panel.",address column is blank; parse from name or populate explicit address for search/contact metadata; resident panel copy is too generic; replace with listing/entity-specific copy,P1
legends-610-davis-2204,"610 Davis ST # 2204, Austin TX, 78701",listing,property,real_estate,Legends Real Estate,Rainey / East Downtown,30.25861,-97.73863,,listing,listing,/pins/circular/special/legends-badge.svg,listing,/pins/circular/special/legends-badge.svg,OK,entity,/images/austonian_lobby_1779052725341.png,Review,listing panels should use listing/building-specific hero,Use a listing-specific hero image or building-level hero. Avoid generic street/lobby fallback for conversion panels.,"610 Davis ST # 2204, Austin TX, 78701 is a Legends real estate listing in Rainey / East Downtown. View the property, compare nearby resident perks, and contact the property team from the panel.",address column is blank; parse from name or populate explicit address for search/contact metadata; resident panel copy is too generic; replace with listing/entity-specific copy,P1
legends-48-east-2509,"48 East Ave # 2509, Austin TX, 78701",listing,property,real_estate,Legends Real Estate,Rainey / East Downtown,30.2592,-97.73902,,listing,listing,/pins/circular/special/legends-badge.svg,listing,/pins/circular/special/legends-badge.svg,OK,entity,/images/austonian_lobby_1779052725341.png,Review,listing panels should use listing/building-specific hero,Use a listing-specific hero image or building-level hero. Avoid generic street/lobby fallback for conversion panels.,"48 East Ave # 2509, Austin TX, 78701 is a Legends real estate listing in Rainey / East Downtown. View the property, compare nearby resident perks, and contact the property team from the panel.",address column is blank; parse from name or populate explicit address for search/contact metadata; resident panel copy is too generic; replace with listing/entity-specific copy,P1
legends-301-west-ave-4105,301 West Ave # 4105,listing,property,real_estate,Legends Real Estate,Market District / West Downtown,30.267451,-97.750793,,listing,listing,/pins/circular/special/legends-badge.svg,listing,/pins/circular/special/legends-badge.svg,OK,entity,/images/commercial_street_level_1779052788888.png,Review,listing panels should use listing/building-specific hero,Use a listing-specific hero image or building-level hero. Avoid generic street/lobby fallback for conversion panels.,"301 West Ave # 4105 is a Legends real estate listing in Market District / West Downtown. View the property, compare nearby resident perks, and contact the property team from the panel.",address column is blank; parse from name or populate explicit address for search/contact metadata; resident panel copy is too generic; replace with listing/entity-specific copy,P1
legends-311-w-5th-st-905,311 W 5th ST # 905,listing,property,real_estate,Legends Real Estate,Downtown Core,30.267885,-97.7465,,listing,listing,/pins/circular/special/legends-badge.svg,listing,/pins/circular/special/legends-badge.svg,OK,entity,/images/legends/2e7c0103-7197-4262-929e-2d9009852a37.avif,Review,listing panels should use listing/building-specific hero,Use a listing-specific hero image or building-level hero. Avoid generic street/lobby fallback for conversion panels.,"311 W 5th ST # 905 is a Legends real estate listing in Downtown Core. View the property, compare nearby resident perks, and contact the property team from the panel.",address column is blank; parse from name or populate explicit address for search/contact metadata; resident panel copy is too generic; replace with listing/entity-specific copy,P1
legends-360-nueces-st-4305,360 Nueces ST # 4305,listing,property,real_estate,Legends Real Estate,Market District / West Downtown,30.267029,-97.749595,,listing,listing,/pins/circular/special/legends-badge.svg,listing,/pins/circular/special/legends-badge.svg,OK,entity,/images/commercial_street_level_1779052788888.png,Review,listing panels should use listing/building-specific hero,Use a listing-specific hero image or building-level hero. Avoid generic street/lobby fallback for conversion panels.,"360 Nueces ST # 4305 is a Legends real estate listing in Market District / West Downtown. View the property, compare nearby resident perks, and contact the property team from the panel.",address column is blank; parse from name or populate explicit address for search/contact metadata; resident panel copy is too generic; replace with listing/entity-specific copy,P1
legends-311-w-5th-st-703,311 W 5TH ST # 703,listing,property,real_estate,Legends Real Estate,Downtown Core,30.267885,-97.7465,,listing,listing,/pins/circular/special/legends-badge.svg,listing,/pins/circular/special/legends-badge.svg,OK,entity,/images/legends/2e7c0103-7197-4262-929e-2d9009852a37.avif,Review,listing panels should use listing/building-specific hero,Use a listing-specific hero image or building-level hero. Avoid generic street/lobby fallback for conversion panels.,"311 W 5TH ST # 703 is a Legends real estate listing in Downtown Core. View the property, compare nearby resident perks, and contact the property team from the panel.",address column is blank; parse from name or populate explicit address for search/contact metadata; resident panel copy is too generic; replace with listing/entity-specific copy,P1
legends-311-w-5th-st-806,311 W 5th ST # 806,listing,property,real_estate,Legends Real Estate,Downtown Core,30.267885,-97.7465,,listing,listing,/pins/circular/special/legends-badge.svg,listing,/pins/circular/special/legends-badge.svg,OK,entity,/images/legends/2e7c0103-7197-4262-929e-2d9009852a37.avif,Review,listing panels should use listing/building-specific hero,Use a listing-specific hero image or building-level hero. Avoid generic street/lobby fallback for conversion panels.,"311 W 5th ST # 806 is a Legends real estate listing in Downtown Core. View the property, compare nearby resident perks, and contact the property team from the panel.",address column is blank; parse from name or populate explicit address for search/contact metadata; resident panel copy is too generic; replace with listing/entity-specific copy,P1
legends-311-w-5th-st-1005,311 W 5th ST # 1005,listing,property,real_estate,Legends Real Estate,Downtown Core,30.267885,-97.7465,,listing,listing,/pins/circular/special/legends-badge.svg,listing,/pins/circular/special/legends-badge.svg,OK,entity,/images/legends/2e7c0103-7197-4262-929e-2d9009852a37.avif,Review,listing panels should use listing/building-specific hero,Use a listing-specific hero image or building-level hero. Avoid generic street/lobby fallback for conversion panels.,"311 W 5th ST # 1005 is a Legends real estate listing in Downtown Core. View the property, compare nearby resident perks, and contact the property team from the panel.",address column is blank; parse from name or populate explicit address for search/contact metadata; resident panel copy is too generic; replace with listing/entity-specific copy,P1
legends-311-w-5th-st-1008,311 W 5th ST # 1008,listing,property,real_estate,Legends Real Estate,Downtown Core,30.267885,-97.7465,,listing,listing,/pins/circular/special/legends-badge.svg,listing,/pins/circular/special/legends-badge.svg,OK,entity,/images/legends/2e7c0103-7197-4262-929e-2d9009852a37.avif,Review,listing panels should use listing/building-specific hero,Use a listing-specific hero image or building-level hero. Avoid generic street/lobby fallback for conversion panels.,"311 W 5th ST # 1008 is a Legends real estate listing in Downtown Core. View the property, compare nearby resident perks, and contact the property team from the panel.",address column is blank; parse from name or populate explicit address for search/contact metadata; resident panel copy is too generic; replace with listing/entity-specific copy,P1
legends-505-w-7th-st-208,505 W 7th ST # 208,listing,property,real_estate,Legends Real Estate,Downtown Austin,30.2700875,-97.7473201,,listing,listing,/pins/circular/special/legends-badge.svg,listing,/pins/circular/special/legends-badge.svg,OK,entity,/images/legends/2e7c0103-7197-4262-929e-2d9009852a37.avif,Review,listing panels should use listing/building-specific hero,Use a listing-specific hero image or building-level hero. Avoid generic street/lobby fallback for conversion panels.,"505 W 7th ST # 208 is a Legends real estate listing in Downtown Austin. View the property, compare nearby resident perks, and contact the property team from the panel.",address column is blank; parse from name or populate explicit address for search/contact metadata; resident panel copy is too generic; replace with listing/entity-specific copy,P1
legends-311-w-5th-st-w-902,311 W 5th ST W # 902,listing,property,real_estate,Legends Real Estate,Downtown Core,30.267885,-97.7465,,listing,listing,/pins/circular/special/legends-badge.svg,listing,/pins/circular/special/legends-badge.svg,OK,entity,/images/legends/2e7c0103-7197-4262-929e-2d9009852a37.avif,Review,listing panels should use listing/building-specific hero,Use a listing-specific hero image or building-level hero. Avoid generic street/lobby fallback for conversion panels.,"311 W 5th ST W # 902 is a Legends real estate listing in Downtown Core. View the property, compare nearby resident perks, and contact the property team from the panel.",address column is blank; parse from name or populate explicit address for search/contact metadata; resident panel copy is too generic; replace with listing/entity-specific copy,P1
legends-505-w-7th-st-313,505 W 7th ST # 313,listing,property,real_estate,Legends Real Estate,Downtown Austin,30.2700875,-97.7473201,,listing,listing,/pins/circular/special/legends-badge.svg,listing,/pins/circular/special/legends-badge.svg,OK,entity,/images/legends/2e7c0103-7197-4262-929e-2d9009852a37.avif,Review,listing panels should use listing/building-specific hero,Use a listing-specific hero image or building-level hero. Avoid generic street/lobby fallback for conversion panels.,"505 W 7th ST # 313 is a Legends real estate listing in Downtown Austin. View the property, compare nearby resident perks, and contact the property team from the panel.",address column is blank; parse from name or populate explicit address for search/contact metadata; resident panel copy is too generic; replace with listing/entity-specific copy,P1
legends-311-w-5th-st-807,311 W 5th ST # 807,listing,property,real_estate,Legends Real Estate,Downtown Core,30.267885,-97.7465,,listing,listing,/pins/circular/special/legends-badge.svg,listing,/pins/circular/special/legends-badge.svg,OK,entity,/images/legends/2e7c0103-7197-4262-929e-2d9009852a37.avif,Review,listing panels should use listing/building-specific hero,Use a listing-specific hero image or building-level hero. Avoid generic street/lobby fallback for conversion panels.,"311 W 5th ST # 807 is a Legends real estate listing in Downtown Core. View the property, compare nearby resident perks, and contact the property team from the panel.",address column is blank; parse from name or populate explicit address for search/contact metadata; resident panel copy is too generic; replace with listing/entity-specific copy,P1
legends-360-nueces-st-2601,360 Nueces ST # 2601,listing,property,real_estate,Legends Real Estate,Market District / West Downtown,30.267029,-97.749595,,listing,listing,/pins/circular/special/legends-badge.svg,listing,/pins/circular/special/legends-badge.svg,OK,entity,/images/commercial_street_level_1779052788888.png,Review,listing panels should use listing/building-specific hero,Use a listing-specific hero image or building-level hero. Avoid generic street/lobby fallback for conversion panels.,"360 Nueces ST # 2601 is a Legends real estate listing in Market District / West Downtown. View the property, compare nearby resident perks, and contact the property team from the panel.",address column is blank; parse from name or populate explicit address for search/contact metadata; resident panel copy is too generic; replace with listing/entity-specific copy,P1
legends-98-san-jacinto-boulevard-unit-2004,"98 San Jacinto Boulevard, Unit 2004",listing,property,real_estate,Legends Real Estate,Downtown Austin,30.26162,-97.74226,,listing,listing,/pins/circular/special/legends-badge.svg,listing,/pins/circular/special/legends-badge.svg,OK,entity,/images/waustin_pool_1779052756806.png,Review,listing panels should use listing/building-specific hero,Use a listing-specific hero image or building-level hero. Avoid generic street/lobby fallback for conversion panels.,"98 San Jacinto Boulevard, Unit 2004 is a Legends real estate listing in Downtown Austin. View the property, compare nearby resident perks, and contact the property team from the panel.",address column is blank; parse from name or populate explicit address for search/contact metadata; resident panel copy is too generic; replace with listing/entity-specific copy,P1
legends-311-w-5th-st-1003,311 W 5th ST # 1003,listing,property,real_estate,Legends Real Estate,Downtown Core,30.267885,-97.7465,,listing,listing,/pins/circular/special/legends-badge.svg,listing,/pins/circular/special/legends-badge.svg,OK,entity,/images/legends/2e7c0103-7197-4262-929e-2d9009852a37.avif,Review,listing panels should use listing/building-specific hero,Use a listing-specific hero image or building-level hero. Avoid generic street/lobby fallback for conversion panels.,"311 W 5th ST # 1003 is a Legends real estate listing in Downtown Core. View the property, compare nearby resident perks, and contact the property team from the panel.",address column is blank; parse from name or populate explicit address for search/contact metadata; resident panel copy is too generic; replace with listing/entity-specific copy,P1
legends-800-brazos-st-unit-1002,800 Brazos ST Unit: 1002,listing,property,real_estate,Legends Real Estate,Downtown Austin,30.269832,-97.741033,,listing,listing,/pins/circular/special/legends-badge.svg,listing,/pins/circular/special/legends-badge.svg,OK,entity,/images/legends/2e7c0103-7197-4262-929e-2d9009852a37.avif,Review,listing panels should use listing/building-specific hero,Use a listing-specific hero image or building-level hero. Avoid generic street/lobby fallback for conversion panels.,"800 Brazos ST Unit: 1002 is a Legends real estate listing in Downtown Austin. View the property, compare nearby resident perks, and contact the property team from the panel.",address column is blank; parse from name or populate explicit address for search/contact metadata; resident panel copy is too generic; replace with listing/entity-specific copy,P1
legends-1212-guadalupe-st-unit-701,1212 Guadalupe ST Unit: 701,listing,property,real_estate,Legends Real Estate,Downtown Austin,30.2759326,-97.7441059,,listing,listing,/pins/circular/special/legends-badge.svg,listing,/pins/circular/special/legends-badge.svg,OK,entity,/images/legends/2e7c0103-7197-4262-929e-2d9009852a37.avif,Review,listing panels should use listing/building-specific hero,Use a listing-specific hero image or building-level hero. Avoid generic street/lobby fallback for conversion panels.,"1212 Guadalupe ST Unit: 701 is a Legends real estate listing in Downtown Austin. View the property, compare nearby resident perks, and contact the property team from the panel.",address column is blank; parse from name or populate explicit address for search/contact metadata; resident panel copy is too generic; replace with listing/entity-specific copy,P1
legends-800-brazos-st-unit-1007,800 Brazos ST Unit: 1007,listing,property,real_estate,Legends Real Estate,Downtown Austin,30.269832,-97.741033,,listing,listing,/pins/circular/special/legends-badge.svg,listing,/pins/circular/special/legends-badge.svg,OK,entity,/images/legends/2e7c0103-7197-4262-929e-2d9009852a37.avif,Review,listing panels should use listing/building-specific hero,Use a listing-specific hero image or building-level hero. Avoid generic street/lobby fallback for conversion panels.,"800 Brazos ST Unit: 1007 is a Legends real estate listing in Downtown Austin. View the property, compare nearby resident perks, and contact the property team from the panel.",address column is blank; parse from name or populate explicit address for search/contact metadata; resident panel copy is too generic; replace with listing/entity-specific copy,P1
legends-311-w-5th-st-unit-803,311 W 5th ST Unit: 803,listing,property,real_estate,Legends Real Estate,Downtown Core,30.267885,-97.7465,,listing,listing,/pins/circular/special/legends-badge.svg,listing,/pins/circular/special/legends-badge.svg,OK,entity,/images/legends/2e7c0103-7197-4262-929e-2d9009852a37.avif,Review,listing panels should use listing/building-specific hero,Use a listing-specific hero image or building-level hero. Avoid generic street/lobby fallback for conversion panels.,"311 W 5th ST Unit: 803 is a Legends real estate listing in Downtown Core. View the property, compare nearby resident perks, and contact the property team from the panel.",address column is blank; parse from name or populate explicit address for search/contact metadata; resident panel copy is too generic; replace with listing/entity-specific copy,P1
legends-301-west-ave-4015,"301 West Ave, #4015",listing,property,real_estate,Legends Real Estate,Market District / West Downtown,30.267451,-97.750793,,listing,listing,/pins/circular/special/legends-badge.svg,listing,/pins/circular/special/legends-badge.svg,OK,entity,/images/commercial_street_level_1779052788888.png,Review,listing panels should use listing/building-specific hero,Use a listing-specific hero image or building-level hero. Avoid generic street/lobby fallback for conversion panels.,"301 West Ave, #4015 is a Legends real estate listing in Market District / West Downtown. View the property, compare nearby resident perks, and contact the property team from the panel.",address column is blank; parse from name or populate explicit address for search/contact metadata; resident panel copy is too generic; replace with listing/entity-specific copy,P1
legends-311-west-5th-street-unit-803,311 West 5th Street Unit 803,listing,property,real_estate,Legends Real Estate,Market District / West Downtown,30.267885,-97.7465,,listing,listing,/pins/circular/special/legends-badge.svg,listing,/pins/circular/special/legends-badge.svg,OK,entity,/images/commercial_street_level_1779052788888.png,Review,listing panels should use listing/building-specific hero,Use a listing-specific hero image or building-level hero. Avoid generic street/lobby fallback for conversion panels.,"311 West 5th Street Unit 803 is a Legends real estate listing in Market District / West Downtown. View the property, compare nearby resident perks, and contact the property team from the panel.",address column is blank; parse from name or populate explicit address for search/contact metadata; resident panel copy is too generic; replace with listing/entity-specific copy,P1
legends-311-west-5th-street-1005,311 West 5th Street #1005,listing,property,real_estate,Legends Real Estate,Market District / West Downtown,30.267885,-97.7465,,listing,listing,/pins/circular/special/legends-badge.svg,listing,/pins/circular/special/legends-badge.svg,OK,entity,/images/commercial_street_level_1779052788888.png,Review,listing panels should use listing/building-specific hero,Use a listing-specific hero image or building-level hero. Avoid generic street/lobby fallback for conversion panels.,"311 West 5th Street #1005 is a Legends real estate listing in Market District / West Downtown. View the property, compare nearby resident perks, and contact the property team from the panel.",address column is blank; parse from name or populate explicit address for search/contact metadata; resident panel copy is too generic; replace with listing/entity-specific copy,P1
legends-98-san-jacinto-boulevard-unit-706-austin,98 San Jacinto Boulevard Unit 706 Austin,listing,property,real_estate,Legends Real Estate,Downtown Austin,30.26162,-97.74226,,listing,listing,/pins/circular/special/legends-badge.svg,listing,/pins/circular/special/legends-badge.svg,OK,entity,/images/waustin_pool_1779052756806.png,Review,listing panels should use listing/building-specific hero,Use a listing-specific hero image or building-level hero. Avoid generic street/lobby fallback for conversion panels.,"98 San Jacinto Boulevard Unit 706 Austin is a Legends real estate listing in Downtown Austin. View the property, compare nearby resident perks, and contact the property team from the panel.",address column is blank; parse from name or populate explicit address for search/contact metadata; resident panel copy is too generic; replace with listing/entity-specific copy,P1
legends-70-rainey-st-unit-1409,70 Rainey ST Unit: 1409,listing,property,real_estate,Legends Real Estate,Rainey / East Downtown,30.258532,-97.739001,,listing,listing,/pins/circular/special/legends-badge.svg,listing,/pins/circular/special/legends-badge.svg,OK,entity,/images/austonian_lobby_1779052725341.png,Review,listing panels should use listing/building-specific hero,Use a listing-specific hero image or building-level hero. Avoid generic street/lobby fallback for conversion panels.,"70 Rainey ST Unit: 1409 is a Legends real estate listing in Rainey / East Downtown. View the property, compare nearby resident perks, and contact the property team from the panel.",address column is blank; parse from name or populate explicit address for search/contact metadata; resident panel copy is too generic; replace with listing/entity-specific copy,P1
legends-311-w-5th-st-unit-608,311 W 5th ST Unit: 608,listing,property,real_estate,Legends Real Estate,Downtown Core,30.267885,-97.7465,,listing,listing,/pins/circular/special/legends-badge.svg,listing,/pins/circular/special/legends-badge.svg,OK,entity,/images/legends/2e7c0103-7197-4262-929e-2d9009852a37.avif,Review,listing panels should use listing/building-specific hero,Use a listing-specific hero image or building-level hero. Avoid generic street/lobby fallback for conversion panels.,"311 W 5th ST Unit: 608 is a Legends real estate listing in Downtown Core. View the property, compare nearby resident perks, and contact the property team from the panel.",address column is blank; parse from name or populate explicit address for search/contact metadata; resident panel copy is too generic; replace with listing/entity-specific copy,P1
legends-311-w-5th-st-unit-602,311 W 5th ST Unit: 602,listing,property,real_estate,Legends Real Estate,Downtown Core,30.267885,-97.7465,,listing,listing,/pins/circular/special/legends-badge.svg,listing,/pins/circular/special/legends-badge.svg,OK,entity,/images/legends/2e7c0103-7197-4262-929e-2d9009852a37.avif,Review,listing panels should use listing/building-specific hero,Use a listing-specific hero image or building-level hero. Avoid generic street/lobby fallback for conversion panels.,"311 W 5th ST Unit: 602 is a Legends real estate listing in Downtown Core. View the property, compare nearby resident perks, and contact the property team from the panel.",address column is blank; parse from name or populate explicit address for search/contact metadata; resident panel copy is too generic; replace with listing/entity-specific copy,P1
legends-311-west-5th-street-unit-1008,"311 West 5th Street, Unit 1008",listing,property,real_estate,Legends Real Estate,Market District / West Downtown,30.267885,-97.7465,,listing,listing,/pins/circular/special/legends-badge.svg,listing,/pins/circular/special/legends-badge.svg,OK,entity,/images/commercial_street_level_1779052788888.png,Review,listing panels should use listing/building-specific hero,Use a listing-specific hero image or building-level hero. Avoid generic street/lobby fallback for conversion panels.,"311 West 5th Street, Unit 1008 is a Legends real estate listing in Market District / West Downtown. View the property, compare nearby resident perks, and contact the property team from the panel.",address column is blank; parse from name or populate explicit address for search/contact metadata; resident panel copy is too generic; replace with listing/entity-specific copy,P1
legends-311-west-5th-street-unit-806,"311 West 5th Street, Unit 806",listing,property,real_estate,Legends Real Estate,Market District / West Downtown,30.267885,-97.7465,,listing,listing,/pins/circular/special/legends-badge.svg,listing,/pins/circular/special/legends-badge.svg,OK,entity,/images/commercial_street_level_1779052788888.png,Review,listing panels should use listing/building-specific hero,Use a listing-specific hero image or building-level hero. Avoid generic street/lobby fallback for conversion panels.,"311 West 5th Street, Unit 806 is a Legends real estate listing in Market District / West Downtown. View the property, compare nearby resident perks, and contact the property team from the panel.",address column is blank; parse from name or populate explicit address for search/contact metadata; resident panel copy is too generic; replace with listing/entity-specific copy,P1
legends-311-w-5th-st-unit-507,311 W 5th ST Unit: 507,listing,property,real_estate,Legends Real Estate,Downtown Core,30.267885,-97.7465,,listing,listing,/pins/circular/special/legends-badge.svg,listing,/pins/circular/special/legends-badge.svg,OK,entity,/images/legends/2e7c0103-7197-4262-929e-2d9009852a37.avif,Review,listing panels should use listing/building-specific hero,Use a listing-specific hero image or building-level hero. Avoid generic street/lobby fallback for conversion panels.,"311 W 5th ST Unit: 507 is a Legends real estate listing in Downtown Core. View the property, compare nearby resident perks, and contact the property team from the panel.",address column is blank; parse from name or populate explicit address for search/contact metadata; resident panel copy is too generic; replace with listing/entity-specific copy,P1
