id,title,kind,category,address,lat,lng,neighborhood,googleMapsUrl,googleCid,source,datasetStatus,expectedFullListCount,actualSeedCount,tags,active,importedAt,updatedAt
quattro-gatti-ristorante-e-pizzeria-bf9c67fe,Quattro Gatti Ristorante e Pizzeria,venue,Google Saved Place,"908 N Congress Ave, Austin, TX 78701, United States",30.2713014,-97.7418612,Congress,http://maps.google.com/?cid=13901213448694198703,13901213448694198703,google_takeout_saved_places,partial_seed,369,22,google-takeout-partial-seed,true,2026-06-15T08:53:55Z,2026-06-24T08:13:33.566Z
punch-bowl-social-e0369f67,Punch Bowl Social,venue,Google Saved Place,"522 N Congress Ave, Austin, TX 78701, United States",30.2679365,-97.7431945,Congress,http://maps.google.com/?cid=4244554043953019940,4244554043953019940,google_takeout_saved_places,partial_seed,369,22,google-takeout-partial-seed,true,2026-06-15T08:34:56Z,2026-06-24T08:13:33.567Z
pershing-house-6296687c,Pershing House,venue,Google Saved Place,"2415B E 5th St. Unit B, Austin, TX 78702, United States",30.2575481,-97.7154462,East Austin,http://maps.google.com/?cid=381523077981499971,381523077981499971,google_takeout_saved_places,partial_seed,369,22,google-takeout-partial-seed,true,2026-06-07T04:17:22Z,2026-06-24T08:13:33.567Z
green-dragon-520db6a3,Green Dragon,venue,Google Saved Place,"4103 Sheridan Blvd, Denver, CO 80212, United States",39.7731497,-105.0536108,Outside Austin / Review,http://maps.google.com/?cid=5260574557416218732,5260574557416218732,google_takeout_saved_places,partial_seed,369,22,google-takeout-partial-seed,true,2026-03-21T02:32:06Z,2026-06-24T08:13:33.567Z
the-driskill-the-unbound-collection-by-hyatt-771ce4b1,The Driskill - The Unbound Collection by Hyatt,venue,Google Saved Place,"604 Brazos St, Austin, TX 78701, United States",30.2681502,-97.7417551,Downtown Core,http://maps.google.com/?cid=11587148967411462074,11587148967411462074,google_takeout_saved_places,partial_seed,369,22,google-takeout-partial-seed,true,2026-03-17T15:34:43Z,2026-06-24T08:13:33.567Z
daydreamer-aa480e11,daydreamer,venue,Google Saved Place,"1708 E 6th St, Austin, TX 78702, United States",30.2623199,-97.7235225,East Austin,http://maps.google.com/?cid=11331924417358158118,11331924417358158118,google_takeout_saved_places,partial_seed,369,22,google-takeout-partial-seed,true,2026-03-17T15:34:26Z,2026-06-24T08:13:33.567Z
sxsw-300e90a6,SXSW,venue,Google Saved Place,"500 E 4th St #3720, Austin, TX 78701, United States",30.2653203,-97.7386464,Downtown Core,http://maps.google.com/?cid=1955936656949453307,1955936656949453307,google_takeout_saved_places,partial_seed,369,22,google-takeout-partial-seed,true,2026-03-17T15:34:09Z,2026-06-24T08:13:33.567Z
palm-door-on-sixth-33223a7e,Palm Door On Sixth,venue,Google Saved Place,"508 E 6th St, Austin, TX 78701, United States",30.2669107,-97.7377236,East Austin,http://maps.google.com/?cid=420038518622253115,420038518622253115,google_takeout_saved_places,partial_seed,369,22,google-takeout-partial-seed,true,2026-03-17T15:34:07Z,2026-06-24T08:13:33.567Z
austin-city-limits-live-acl-live-and-3ten-acl-live-ab7fed60,Austin City Limits Live (ACL Live & 3TEN ACL Live),venue,Google Saved Place,"310 W Willie Nelson Blvd, Austin, TX 78701, United States",30.2652627,-97.7469912,Downtown Core,http://maps.google.com/?cid=5268262189183100567,5268262189183100567,google_takeout_saved_places,partial_seed,369,22,google-takeout-partial-seed,true,2026-03-17T15:34:05Z,2026-06-24T08:13:33.567Z
garage-5dd2ee3b,Garage,mobility,Google Saved Place,"503 Colorado St, Austin, TX 78701, United States",30.2679672,-97.7440893,Downtown Core,http://maps.google.com/?cid=16466347261649349716,16466347261649349716,google_takeout_saved_places,partial_seed,369,22,google-takeout-partial-seed,true,2026-03-17T15:33:59Z,2026-06-24T08:13:33.567Z
rock-em-western-boots-and-apparel-7f61798a,Rock'em Western Boots & Apparel,venue,Google Saved Place,"8000 Harwin Dr. Ste 440, Houston, TX 77036, United States",29.7183399,-95.5247404,Outside Austin / Review,http://maps.google.com/?cid=13115491045959034709,13115491045959034709,google_takeout_saved_places,partial_seed,369,22,google-takeout-partial-seed,true,2026-03-04T16:00:26Z,2026-06-24T08:13:33.567Z
tzintzuntzan-0c4ffb72,Tzintzuntzan,venue,Google Saved Place,"2302 W N Loop Blvd, Austin, TX 78756, United States",30.3257025,-97.7427831,Downtown Core,http://maps.google.com/?cid=16840213708060580179,16840213708060580179,google_takeout_saved_places,partial_seed,369,22,google-takeout-partial-seed,true,2026-02-27T05:28:19Z,2026-06-24T08:13:33.567Z
waterline-austin-e1fb3126,Waterline Austin,venue,Google Saved Place,"98 Red River St, Austin, TX 78701, United States",30.2615639,-97.7391452,Red River,http://maps.google.com/?cid=12629356293346635685,12629356293346635685,google_takeout_saved_places,partial_seed,369,22,google-takeout-partial-seed,true,2026-02-15T21:23:58Z,2026-06-24T08:13:33.567Z
fulton-8aee9dc1,Fulton,venue,Google Saved Place,"101 Red River St, Austin, TX 78701, United States",30.2623685,-97.738317,Red River,http://maps.google.com/?cid=7530296759164293743,7530296759164293743,google_takeout_saved_places,partial_seed,369,22,google-takeout-partial-seed,true,2026-02-15T21:23:51Z,2026-06-24T08:13:33.567Z
room-725-0fbc714c,Room 725,venue,Google Saved Place,"101 Red River St, Austin, TX 78701, United States",30.2623709,-97.7380845,Red River,http://maps.google.com/?cid=6022320716158831123,6022320716158831123,google_takeout_saved_places,partial_seed,369,22,google-takeout-partial-seed,true,2026-02-15T21:23:47Z,2026-06-24T08:13:33.567Z
lvs-la-vie-med-spas-day-spa-118516a1,LVS La Vie Med Spas + Day Spa,wellness,Google Saved Place,"51 Rainey St #150, Austin, TX 78701, United States",30.2563672,-97.739552,Rainey,http://maps.google.com/?cid=628264891231768701,628264891231768701,google_takeout_saved_places,partial_seed,369,22,google-takeout-partial-seed,true,2026-02-04T07:22:09Z,2026-06-24T08:13:33.567Z
tootsies-orchid-lounge-5be9062c,Tootsies Orchid Lounge,bar,Google Saved Place,"422 Broadway, Nashville, TN 37203, United States",36.1609016,-86.7782923,Unknown,http://maps.google.com/?cid=2575564174631023828,2575564174631023828,google_takeout_saved_places,partial_seed,369,22,google-takeout-partial-seed,true,2026-02-04T06:48:05Z,2026-06-24T08:13:33.567Z
layla-s-honky-tonk-ec8b6aa9,Layla's Honky Tonk,venue,Google Saved Place,"418 Broadway, Nashville, TN 37203, United States",36.1608333,-86.7780556,Unknown,http://maps.google.com/?cid=10506469269434684799,10506469269434684799,google_takeout_saved_places,partial_seed,369,22,google-takeout-partial-seed,true,2026-02-04T06:47:56Z,2026-06-24T08:13:33.567Z
saved-place-6349beca,Saved Place,venue,Google Saved Place,,0,0,Unknown,"http://maps.google.com/?q=423+Broadway,+Nashville,+TN+37203&ftid=0x886466594baf6feb:0x145507a0e9456549",,google_takeout_saved_places,partial_seed,369,22,google-takeout-partial-seed,true,2026-02-04T06:46:43Z,2026-06-24T08:13:33.567Z
nurse-karen-skincare-and-aesthetics-fd718ebb,Nurse Karen Skincare & Aesthetics,venue,Google Saved Place,"712 W 14th St C, Austin, TX 78701, United States",30.278382,-97.74732,Downtown Core,http://maps.google.com/?cid=736744386470557853,736744386470557853,google_takeout_saved_places,partial_seed,369,22,google-takeout-partial-seed,true,2026-01-21T15:08:31Z,2026-06-24T08:13:33.567Z
goat-soup-and-whiskey-tavern-7ce82910,Goat Soup & Whiskey Tavern,venue,Google Saved Place,"22954 US-6, Keystone, CO 80435, United States",39.6077914,-105.9542149,Unknown,http://maps.google.com/?cid=8863273922173772159,8863273922173772159,google_takeout_saved_places,partial_seed,369,22,google-takeout-partial-seed,true,2026-01-02T16:31:06Z,2026-06-24T08:13:33.567Z
bar-hacienda-8f0f902b,Bar Hacienda,bar,Google Saved Place,"70 Rainey St #200, Austin, TX 78701, United States",30.25854,-97.73915,Rainey,http://maps.google.com/?cid=4233787949005463815,4233787949005463815,google_takeout_saved_places,partial_seed,369,22,google-takeout-partial-seed,true,2025-05-30T02:57:25Z,2026-06-24T08:13:33.567Z
