record_status,entity_id,name,district,building_type,operating_status,pin_key,pin_label,pin_asset_path,listing_brand_property_business_overview,resident_panel_copy,partner_panel_copy,shared_amenities,resident_perk,secret_sauce,hidden_gem,campaign_alignment,resident_actions,partner_actions,resident_context_labels,partner_context_labels,search_tags,source_url,verification_status
residential_mixed_use_copy_deck,44-east-ave,44 East Ave,Rainey,Condominium tower,Existing / verify current access,property,Residential,/pins/circular/categories/residential.svg,"A lake-edge condominium tower at the foot of Rainey Street, designed around refined interiors, significant shared amenity space, and direct access to downtown’s outdoor and social life.","Live where Lady Bird Lake, the Butler Trail, Rainey Street, and downtown meet. 44 East Ave pairs a calm, design-led home base with fast access to morning movement, evening dining, and the city’s most active waterfront district.","Position 44 East Ave as a premium lake-and-city residential address. Campaigns should emphasize resident retention, outdoor lifestyle, concierge-level convenience, pet-friendly routines, and high-value local partnerships rather than generic luxury claims.",Cenote-style pool; fitness center; yoga studio; conference rooms; 24-hour concierge; dog lounge and spa; resident gathering spaces; outdoor terraces; heritage-tree landscaping,Proposed: resident rooftop and pool-day partner offers; fitness and recovery benefits; dog-care offers; priority dining and hotel experience access; trail-ready retail bundles,The strongest crossover between a quiet lake-edge home base and immediate Rainey access.,"Early-morning trail access before Rainey wakes up; low-friction walk to Geraldine’s, Emmer & Rye, and the lakefront; dog-care partnerships that connect the building’s pet spa to nearby services.",Lake-to-lobby morning routine; Resident rooftop season; Dog days downtown; Rainey without the friction; Visiting friends and family hotel guide,Open resident guide | Explore nearby | View shared amenities | Save | Directions | Contact property,Launch building campaign | Manage resident perks | View amenity engagement | View audience | Edit visibility | View reports,Shared amenities | Resident perks | Nearby essentials | Hidden gems | Events nearby,Resident value | Amenity engagement | Campaign opportunity | Audience | Reporting,Rainey; residential; mixed use; amenities; resident perks; downtown Austin; 44 East Ave,https://www.44eastaveaustin.com/the-building-amenities/,Official building source reviewed; perk concepts require partner approval
residential_mixed_use_copy_deck,natiivo-austin,Natiivo Austin,Rainey,Condo-hotel / mixed-use residential,Existing,property,Residential + hospitality,/pins/circular/categories/residential.svg,"A flexible condo-hotel tower combining private ownership, short-term hospitality use, concierge service, coworking, fitness, pet amenities, and a rooftop pool.","Natiivo works for people who want downtown ownership with hotel-like flexibility. Residents and guests can move easily between coworking, fitness, the rooftop pool, Rainey nightlife, and Lady Bird Lake.","Treat Natiivo as a dual-audience property: residents and hospitality guests. Campaign controls must distinguish permanent residents, owners, short-stay guests, and public-facing booking activity.",Rooftop pool and cabanas; rooftop club room; fitness center; yoga lounge; private Peloton studios; coworking; concierge; valet; dog run; pet wash; bike storage; coffee lounge,Proposed: resident-and-guest dining guide; owner hosting toolkit; pet welcome offers; coworking coffee benefits; rooftop event add-ons; local stay support,The building can serve as both a home and a hospitality base without forcing residents into a traditional hotel experience.,Owner-hosted local itineraries; coffee and coworking pairings; guest-ready pet amenities; rooftop-to-Rainey evening routes.,Owner hosting made easier; Guest-ready Rainey guide; Rooftop weekends; Work from downtown; Pet-friendly city stay,Open resident and guest guide | Explore nearby | View rooftop | Save | Directions,Segment residents vs guests | Launch stay campaign | Manage owner toolkit | View reports | Edit visibility,Shared amenities | Resident perks | Nearby essentials | Hidden gems | Events nearby,Resident value | Amenity engagement | Campaign opportunity | Audience | Reporting,Rainey; residential; mixed use; amenities; resident perks; downtown Austin; Natiivo Austin,https://www.pearlstonepartners.com/portfolio/natiivo/,Developer source reviewed; specific access and operating rules require property confirmation
residential_mixed_use_copy_deck,the-shore,The Shore,Rainey,Condominium tower,Existing,property,Residential,/pins/circular/categories/residential.svg,"A Rainey condominium building with a resort-style terrace, concierge service, fitness facilities, lake proximity, and a distinctive relationship to Hotel Van Zandt.","The Shore gives residents a quieter residential foothold beside Rainey, with the lake, trail, dining, and Hotel Van Zandt ecosystem close at hand.",Differentiate The Shore through its hotel adjacency and resident convenience. Avoid presenting hotel amenities as universally available unless the access relationship is verified.,Sixth-floor pool terrace; cabanas; grilling area; concierge; fitness center; meeting room; fire pit and lounge; secure parking; possible Hotel Van Zandt access relationship,Proposed: verified Hotel Van Zandt resident benefits; Geraldine’s dining moments; Brass Poppy reservations; pool and cabana offers where approved; visiting-family stay rates,"A residential building that can connect naturally to a full hotel, dining, nightlife, and event ecosystem next door.",Weeknight Geraldine’s before the weekend crowd; Brass Poppy as a resident-first meeting spot; trail mornings followed by Café 605.,"Your hotel next door; Resident night at Geraldine’s; Friends in town; Rainey, handled; Quiet side of the district",Open resident guide | View verified hotel benefits | Explore nearby | Save | Contact property,Verify shared access | Launch hotel-adjacent campaign | Manage benefits | View engagement | View reports,Shared amenities | Resident perks | Nearby essentials | Hidden gems | Events nearby,Resident value | Amenity engagement | Campaign opportunity | Audience | Reporting,Rainey; residential; mixed use; amenities; resident perks; downtown Austin; The Shore,https://austin.towers.net/condos/shore/,Building facts reviewed; hotel-access claims must be verified before publishing
residential_mixed_use_copy_deck,milago,Milago,Rainey,Condominium tower,Existing,property,Residential,/pins/circular/categories/residential.svg,"A lakefront residential building at the quieter end of Rainey with direct trail access, rooftop amenities, concierge service, and strong outdoor-lifestyle appeal.","Milago is for residents who want downtown access without giving up the lake. Step onto the trail, store the bike or kayak, then return to a rooftop pool and a calmer residential rhythm.","Lead with authentic outdoor access, pet-friendly routines, and resident community—not generic nightlife proximity. Milago’s value is the ability to participate in Rainey selectively.",Rooftop pool and spa; terraces; fitness center; concierge; club room; Wi-Fi lounge; bike storage; canoe and kayak storage; private dock or lake access,Proposed: paddle and kayak partnerships; trail-run recovery; bike maintenance; dog-friendly coffee routes; rooftop sunset programming,Direct outdoor access is the amenity; the building turns the lake and trail into part of the resident routine.,Sunrise trail loops; paddle access; the calm southern edge of Rainey; easy outdoor mornings followed by nearby coffee.,Trail at your door; Paddle downtown; Rooftop sunset series; Active resident month; Pet-and-trail guide,Open trail guide | Explore outdoor perks | View amenities | Save | Directions,Launch outdoor lifestyle campaign | Manage local partners | View participation | View reports,Shared amenities | Resident perks | Nearby essentials | Hidden gems | Events nearby,Resident value | Amenity engagement | Campaign opportunity | Audience | Reporting,Rainey; residential; mixed use; amenities; resident perks; downtown Austin; Milago,https://milagocondosaustin.com/,Building source reviewed; water-access details require current property confirmation
residential_mixed_use_copy_deck,70-rainey,70 Rainey,Rainey,Condominium tower,Existing,property,Residential,/pins/circular/categories/residential.svg,"A garden-forward condominium tower with extensive indoor and outdoor amenities, a strong wellness layer, concierge service, and immediate access to Rainey and the lake.","70 Rainey gives residents room to retreat above the district. Gardens, pools, fitness, yoga, sauna, pet space, and outdoor lounges create a private residential counterpoint to the energy below.","Position 70 Rainey around wellness, landscape, and private amenity depth. Campaigns should protect the building’s sense of retreat while connecting residents selectively to downtown.",Infinity-edge pool; plunge pool; cabanas; rooftop gardens; fitness center; yoga terrace; sauna and steam; pet park; outdoor kitchen; lounges; concierge,Proposed: wellness passes; recovery and spa offers; private dining and chef moments; pet services; curated low-friction Rainey reservations,The building’s layered gardens and wellness spaces make it feel removed from Rainey while still being in the middle of it.,Eastern yoga terrace mornings; secluded plunge pool; herb-garden programming; quiet routes to the MACC and lake.,Wellness above Rainey; Garden season; Resident recovery month; Quiet luxury downtown; Pet park partners,Open wellness guide | View shared amenities | Explore nearby | Save | Contact property,Launch wellness campaign | Manage amenity programming | View audience | View reports,Shared amenities | Resident perks | Nearby essentials | Hidden gems | Events nearby,Resident value | Amenity engagement | Campaign opportunity | Audience | Reporting,Rainey; residential; mixed use; amenities; resident perks; downtown Austin; 70 Rainey,https://70raineyatx.com/,Official source reviewed; proposed perks require approval
residential_mixed_use_copy_deck,vesper,Vesper,Rainey,Condominium tower,Existing / newly delivered,property,Residential,/pins/circular/categories/residential.svg,"A design-led condominium tower balancing Rainey’s energy with three levels of private amenities, curated interiors, coworking, wellness, pet facilities, and rooftop views.","Vesper is built for residents who want downtown energy on their terms. Move between coworking, fitness, the rooftop pool, private lounges, and Rainey while keeping home calm and design-focused.","Lead with the contrast between public energy and private calm. Campaigns should feel curated, design-aware, and resident-controlled—not loud or promotional.",24-hour concierge; coworking; liquor lockers; dog wash; art gallery; fitness center; spin rooms; yoga studio and lawn; sky dog run; terraces; rooftop pool and lounge,Proposed: art walks; resident cocktail lockers and tastings; design and home partnerships; boutique fitness benefits; curated dinner reservations,"A private, design-minded refuge that uses Rainey as an option rather than the entire identity.",Ground-level art and murals; evening rooftop light; resident liquor-locker programming; quieter mid-level outdoor wellness spaces.,Evening at Vesper; Art in the alley; Design district resident guide; Rooftop after work; Calm above Rainey,Open resident guide | View art and amenities | Explore nearby | Save | Contact property,Launch curated campaign | Manage art and wellness programming | View reports | Edit visibility,Shared amenities | Resident perks | Nearby essentials | Hidden gems | Events nearby,Resident value | Amenity engagement | Campaign opportunity | Audience | Reporting,Rainey; residential; mixed use; amenities; resident perks; downtown Austin; Vesper,https://vesperatx.com/amenities/,Official source reviewed; campaign concepts are proposed
residential_mixed_use_copy_deck,the-quincy,The Quincy,Rainey,Mixed-use rental tower,Existing,property,Mixed-use residential,/pins/circular/categories/residential.svg,"A mixed-use apartment tower combining residences, office space, ground-floor retail, coworking, wellness amenities, rooftop pools, pet facilities, and Royal Blue Grocery in the lobby.","The Quincy makes everyday downtown living unusually efficient. Work, groceries, fitness, pool time, the trail, dining, and Rainey can all fit into the same walkable routine.","The strongest campaign opportunity is daily utility. Use the building’s residential, office, and retail mix to create repeatable morning, workday, evening, and weekend journeys.",Rooftop pools; coworking; business center; conference rooms; yoga and spin; pet spa; private dining; sports lounge; EV charging; bike storage; lobby Royal Blue Grocery,Proposed: Royal Blue resident offers; coworking coffee; office-to-home dinner bundles; pet spa partners; private dining packages; event-night convenience offers,"The building solves daily friction through true mixed-use convenience, not just amenity volume.",Lobby grocery runs without a car; coworking-to-pool transitions; Lady Bird Lake trail access; private dining for small resident gatherings.,Everything downstairs; Workday to weekend; Quincy resident essentials; Lobby-to-lake; Office and resident crossover,Open mixed-use guide | View resident perks | Explore retail | Save | Directions,Launch mixed-use campaign | Segment residents and workers | Manage retail offers | View reports,Shared amenities | Resident perks | Nearby essentials | Hidden gems | Events nearby,Resident value | Amenity engagement | Campaign opportunity | Audience | Reporting,Rainey; residential; mixed use; amenities; resident perks; downtown Austin; The Quincy,https://quincyatx.com/amenities/,Official source reviewed
residential_mixed_use_copy_deck,waterline-residences,Waterline Residences / Bosque at Waterline,Rainey / Convention Core,"Mixed-use supertall residential, hotel, office and retail",Emerging / verify opening phases,property,Mixed-use residential,/pins/circular/categories/residential.svg,"A major mixed-use destination where residences, hotel, office, retail, dining, Waller Creek, and Lady Bird Lake converge, with extensive indoor and outdoor residential amenities.","Waterline is designed as a vertical neighborhood. Residents will be able to move from home to wellness, coworking, creekside retail, dining, hotel experiences, and the lake without leaving the property ecosystem.","Treat Waterline as a district-scale mixed-use platform, not a single building. Campaigns must distinguish residents, hotel guests, office workers, retail visitors, and public creekside users.",352 residences; extensive indoor and outdoor amenities; pools; lounges; coworking; fitness; landscaped outdoor spaces; creekside retail and dining; hotel adjacency,Proposed: resident retail opening offers; hotel dining and wellness access where approved; office-resident crossover; creekside programming; concierge local guide,"The building can create its own neighborhood loop while remaining connected to the lake, creek, convention district, and Rainey.",Creekside morning route; resident-only upper-level amenity sequence; early access to new retail; hotel-residence service connections.,"A neighborhood in one address; Meet at the creek; Waterline opening season; Work, stay, live; Resident retail passport",Open Waterline guide | Explore retail and dining | View amenities | Save | Register interest,Manage audience layers | Launch opening campaign | Configure access | View district report,Shared amenities | Resident perks | Nearby essentials | Hidden gems | Events nearby,Resident value | Amenity engagement | Campaign opportunity | Audience | Reporting,Rainey / Convention Core; residential; mixed use; amenities; resident perks; downtown Austin; Waterline Residences / Bosque at Waterline,https://waterlineaustin.com/residences/,"Official source reviewed; opening dates, tenants and access must be continuously verified"
residential_mixed_use_copy_deck,paseo,Paseo,Rainey,Mixed-use apartment tower,Emerging / verify leasing,property,Mixed-use residential,/pins/circular/categories/residential.svg,"A new mixed-use residential tower intended to connect apartment living with Rainey, downtown work, lake access, retail, and amenity-rich daily routines.","Paseo should make the transition between home, work, movement, food, and nightlife feel simple. The value is not only what is inside the building, but how quickly residents can move through downtown.","Position Paseo around resident utility, new-building discovery, and curated neighborhood onboarding. Avoid copying the tone of established condominium towers.","Verify from current property materials; expected modern fitness, pool, coworking, lounges, pet amenities, package and resident services",Proposed: new-resident welcome passport; neighborhood essentials; coworking and coffee; fitness trials; preferred local reservations,A new resident’s shortcut into Rainey and downtown—best expressed through onboarding and neighborhood confidence.,A practical first-30-days guide; quieter weekday dining; service partners that reduce moving friction.,"First 30 days downtown; New address, known neighborhood; Paseo welcome season; Work-near-home; Resident essentials",Open welcome guide | Explore nearby | View available perks | Save | Contact leasing,Launch leasing campaign | Manage onboarding offers | View lead handoffs | View reports,Shared amenities | Resident perks | Nearby essentials | Hidden gems | Events nearby,Resident value | Amenity engagement | Campaign opportunity | Audience | Reporting,Rainey; residential; mixed use; amenities; resident perks; downtown Austin; Paseo,https://www.paseoatx.com/,Current official property details must be verified before final publication
residential_mixed_use_copy_deck,700-river,700 River,Rainey,Mixed-use residential tower,Emerging / verify opening and branding,property,Mixed-use residential,/pins/circular/categories/residential.svg,"A next-generation Rainey residential project expected to combine high-rise living, significant amenities, public-facing ground-level activity, and immediate lake and district access.","700 River should be framed as a new gateway between Rainey and the lake, with a resident experience built around views, movement, hospitality, and a more connected ground floor.","Use a pre-opening and launch framework. All amenity, tenant, access, and timeline claims must be verified before resident publication.",Pending verified current inventory,Proposed: founding resident offers; construction-to-opening updates; local business welcome program; lake and wellness partnerships,Its future value is as a district connector rather than another isolated tower.,Potential ground-floor pathways and public realm connections; early resident relationships with established Rainey businesses.,Founding residents; The next Rainey chapter; Opening passport; Lake and district connector,Register interest | Follow opening updates | Explore neighborhood | Save,Manage pre-opening campaign | Verify inventory | Capture interest | View reports,Shared amenities | Resident perks | Nearby essentials | Hidden gems | Events nearby,Resident value | Amenity engagement | Campaign opportunity | Audience | Reporting,Rainey; residential; mixed use; amenities; resident perks; downtown Austin; 700 River,https://www.endeavor-re.com/,"Assumption-led placeholder; project naming, delivery and program require direct verification"
residential_mixed_use_copy_deck,the-independent,The Independent,Seaholm,Condominium tower,Existing,property,Residential,/pins/circular/categories/residential.svg,"An iconic residential tower in Seaholm with immediate access to the trail, Whole Foods, Trader Joe’s, the Central Library, 2nd Street, and west downtown.","The Independent is for residents who want downtown scale with a highly practical neighborhood below. Groceries, the library, the lake, fitness, dining, and workday errands are all part of the walkable loop.",Lead with Seaholm utility and resident routines. The strongest partnerships are not novelty perks; they are services and experiences residents use repeatedly.,Extensive resident amenity levels; pools; fitness and wellness; lounges; business and gathering spaces; pet facilities; concierge and resident services,Proposed: Seaholm essentials; library and cultural programming; grocery and meal-prep offers; trail and recovery; family-friendly weekend guide,One of downtown’s most complete everyday neighborhoods sits directly below the building.,Central Library terrace; Seaholm lawn moments; westward trail access; quiet weekday 2nd Street dining.,Seaholm everyday; Library to lake; Resident essentials; West downtown without a car; Sunday reset,Open Seaholm guide | Explore nearby | View perks | Save | Contact property,Launch routine campaign | Manage resident benefits | View engagement | View reports,Shared amenities | Resident perks | Nearby essentials | Hidden gems | Events nearby,Resident value | Amenity engagement | Campaign opportunity | Audience | Reporting,Seaholm; residential; mixed use; amenities; resident perks; downtown Austin; The Independent,https://theindependentaustin.com/,Property facts and current amenity access require confirmation
residential_mixed_use_copy_deck,fifth-and-west,Fifth & West,Market District / West Downtown,Condominium tower,Existing,property,Residential,/pins/circular/categories/residential.svg,"A slender luxury condominium tower positioned between the Market District, Seaholm, Whole Foods, downtown offices, and the trail.","Fifth & West offers a polished home base with unusually fast access to groceries, work, the lake, dining, and west downtown’s quieter streets.","Position around refined convenience, privacy, and proximity. Campaigns should be discreet and high-value rather than volume-led.","Verify current building inventory; expected concierge, fitness, pool, lounges, guest and resident service spaces",Proposed: private dining access; grocery and home services; wellness and recovery; visiting-guest hotel offers; curated cultural memberships,The building sits at the hinge between downtown intensity and the calmer Market District.,Walk to Whole Foods and BookPeople; Seaholm and library access; west-downtown dinner routes.,The west side of downtown; Resident concierge edit; Market District essentials; Hosting made easier,Open neighborhood guide | Explore perks | Save | Contact property,Launch premium campaign | Manage services | View audience | View reports,Shared amenities | Resident perks | Nearby essentials | Hidden gems | Events nearby,Resident value | Amenity engagement | Campaign opportunity | Audience | Reporting,Market District / West Downtown; residential; mixed use; amenities; resident perks; downtown Austin; Fifth & West,https://fifthandwest.com/,Official/current building details should be verified
residential_mixed_use_copy_deck,the-austonian,The Austonian,Congress / Downtown Core,Condominium tower,Existing,property,Residential,/pins/circular/categories/residential.svg,"A landmark downtown condominium tower centered on high-touch service, privacy, expansive views, and direct access to Congress Avenue, dining, culture, and the lake.","The Austonian places residents at the center of downtown while maintaining a private, service-led experience above it. Congress, 2nd Street, the lake, dining, and cultural venues are all close.","Use a restrained, concierge-grade campaign model. Prioritize verified access, privacy, premium service, and high-value local relationships.",Concierge and valet; fitness and spa-style facilities; pools and outdoor areas; resident lounges; guest suites; private event and dining spaces,Proposed: concierge cultural calendar; premium dining access; guest-stay support; private wellness; luxury mobility and home services,Immediate downtown access without sacrificing privacy or service.,Early Congress walks; intimate pre-show dining; quiet access to 2nd Street and the lake before event crowds.,"Congress, curated; Resident cultural season; Hosting downtown; Private access edit",Open curated guide | Explore nearby | Save | Contact property,Launch concierge campaign | Manage premium benefits | View reports,Shared amenities | Resident perks | Nearby essentials | Hidden gems | Events nearby,Resident value | Amenity engagement | Campaign opportunity | Audience | Reporting,Congress / Downtown Core; residential; mixed use; amenities; resident perks; downtown Austin; The Austonian,https://theaustonian.com/,Verify current amenities and access with property management
residential_mixed_use_copy_deck,360-condominiums,360 Condominiums,Market District / West Downtown,Condominium tower,Existing,property,Residential,/pins/circular/categories/residential.svg,"A centrally located residential tower close to the Market District, 2nd Street, Seaholm, the Central Library, and downtown offices.","360 makes central downtown living practical. The building sits within an easy walk of groceries, restaurants, entertainment, the library, the trail, and major offices.",Lead with location utility and resident frequency. Offers should support everyday behavior rather than only occasional luxury experiences.,Pool; fitness; resident lounges and gathering areas; concierge or front-desk services; outdoor spaces; parking,Proposed: daily coffee and lunch; grocery support; entertainment night bundles; bike and trail services; resident home services,A highly central address that can reach several downtown districts without committing to one.,"Fast connections to Seaholm, Market District, 2nd Street, ACL Live, and the library.","Four districts, one address; Everyday downtown; Resident lunch loop; Show-night guide",Open central guide | Explore nearby | View perks | Save,Launch local routine campaign | Manage benefits | View reports,Shared amenities | Resident perks | Nearby essentials | Hidden gems | Events nearby,Resident value | Amenity engagement | Campaign opportunity | Audience | Reporting,Market District / West Downtown; residential; mixed use; amenities; resident perks; downtown Austin; 360 Condominiums,https://austin.towers.net/condos/360-condominiums/,Secondary source; verify current property operations
residential_mixed_use_copy_deck,spring-condominiums,Spring Condominiums,Market District / West Downtown,Condominium tower,Existing,property,Residential,/pins/circular/categories/residential.svg,"A west downtown condominium tower with a calmer residential position near Whole Foods, BookPeople, Shoal Creek, Seaholm, and downtown offices.","Spring gives residents a quieter downtown address with strong access to daily essentials, trails, groceries, and the Market District.","Focus on calm convenience, wellness, and local routine. Avoid forcing a nightlife narrative onto the building.",Pool; fitness; resident common spaces; parking; concierge or controlled access; outdoor areas,Proposed: BookPeople and cultural offers; grocery and meal services; Shoal Creek movement guide; wellness and recovery; pet services,A more residential western edge of downtown with the city still within walking distance.,Shoal Creek connections; BookPeople events; Whole Foods routines; quiet west-side cafés.,"The calm side of downtown; Market District morning; Read, walk, reset; Resident wellness loop",Open west downtown guide | Explore nearby | Save | Contact property,Launch neighborhood campaign | Manage resident offers | View reports,Shared amenities | Resident perks | Nearby essentials | Hidden gems | Events nearby,Resident value | Amenity engagement | Campaign opportunity | Audience | Reporting,Market District / West Downtown; residential; mixed use; amenities; resident perks; downtown Austin; Spring Condominiums,https://austin.towers.net/condos/spring/,Secondary source; verify current details
residential_mixed_use_copy_deck,austin-proper-residences,Austin Proper Residences,Seaholm,Branded hotel residences / mixed-use,Existing,property,Branded residences,/pins/circular/categories/residential.svg,"Branded residences integrated with Austin Proper’s hospitality, dining, wellness, design, and Seaholm location.","Austin Proper Residences combines a private home with a design-led hotel ecosystem. Residents can move between Seaholm, the trail, downtown dining, wellness, and hospitality services with minimal friction.","Separate verified resident privileges from public hotel experiences. Campaigns should emphasize service, design, dining, wellness, and visiting-guest support.",Residence-specific amenities plus potential hotel service relationships; fitness and wellness; pools; lounges; concierge; dining and hospitality adjacency,Proposed: verified hotel dining and wellness benefits; visiting-family rates; resident priority reservations; cultural and design programming,The strongest design-and-hospitality residential ecosystem in Seaholm when access is handled correctly.,Sunset Seaholm walks; early dining windows; resident wellness scheduling; Central Library and trail loop.,Properly at home; Resident dining edit; Friends in town; Design week; Seaholm wellness,Open residence guide | View verified hotel benefits | Explore nearby | Save,Verify privileges | Launch branded residence campaign | View engagement | View reports,Shared amenities | Resident perks | Nearby essentials | Hidden gems | Events nearby,Resident value | Amenity engagement | Campaign opportunity | Audience | Reporting,Seaholm; residential; mixed use; amenities; resident perks; downtown Austin; Austin Proper Residences,https://www.marriott.com/en-us/hotels/ausds-austin-proper-hotel-a-member-of-design-hotels/,Hotel source; residence-specific access requires direct verification
residential_mixed_use_copy_deck,four-seasons-residences,Four Seasons Residences Austin,Congress / Lakefront,Branded hotel residences,Existing,property,Branded residences,/pins/circular/categories/residential.svg,"Lakefront branded residences connected to the Four Seasons Austin service and hospitality ecosystem, with direct access to Congress, the trail, dining, events, and the lake.",Four Seasons Residences offers a private lakefront home supported by a globally recognized hospitality environment and one of downtown’s most walkable locations.,"Use a verified, service-led model. Never imply unrestricted hotel access; document every resident benefit and operational owner.",Residence amenities; concierge and service; fitness and wellness; pool and outdoor spaces; hotel dining and hospitality adjacency,"Proposed: verified dining, spa, and hotel privileges; guest-stay support; lakefront wellness; premium event and cultural access",A lakefront residential address with hotel-level service and immediate downtown access.,Early trail access; lake lawn moments; pre-event dining; Congress and arts routes.,"Lakefront, handled; Resident wellness; Hosting with Four Seasons; Congress cultural calendar",Open residence guide | View verified benefits | Explore nearby | Save,Verify access | Launch premium resident campaign | View reports,Shared amenities | Resident perks | Nearby essentials | Hidden gems | Events nearby,Resident value | Amenity engagement | Campaign opportunity | Audience | Reporting,Congress / Lakefront; residential; mixed use; amenities; resident perks; downtown Austin; Four Seasons Residences Austin,https://www.fourseasons.com/residences/private_residences/austin/,Official brand source; local operational privileges require verification
residential_mixed_use_copy_deck,the-catherine,The Catherine,South Central / Downtown edge,Luxury rental tower,Existing,property,Residential,/pins/circular/categories/residential.svg,"A luxury apartment tower on the south side of Lady Bird Lake with immediate access to the trail, South Congress, downtown, and lake views.","The Catherine offers a rare two-sided lifestyle: downtown is across the bridge, while South Congress, the trail, and a more relaxed south-side rhythm are close at hand.","Position as a bridge property connecting downtown and South Congress. Campaigns should support movement, dining, outdoor life, and workday access.",Pool; fitness; lounges; coworking or business spaces; pet amenities; outdoor terraces; resident services,Proposed: South Congress dining; trail and recovery; paddle and outdoor benefits; downtown event routes; bike services,Residents can choose downtown or South Congress without needing to live inside either one.,Sunrise bridge walks; south-shore trail access; weekday South Congress dining; easy downtown event nights.,Two sides of Austin; Bridge-to-brunch; Trail and city; South shore resident guide,Open two-district guide | Explore nearby | Save | Contact leasing,Launch cross-district campaign | Manage resident offers | View reports,Shared amenities | Resident perks | Nearby essentials | Hidden gems | Events nearby,Resident value | Amenity engagement | Campaign opportunity | Audience | Reporting,South Central / Downtown edge; residential; mixed use; amenities; resident perks; downtown Austin; The Catherine,https://www.thecatherineaustin.com/,Verify current amenity inventory
residential_mixed_use_copy_deck,northshore,Northshore,Seaholm / 2nd Street,Mixed-use rental tower,Existing,property,Mixed-use residential,/pins/circular/categories/residential.svg,"A residential tower integrated with the 2nd Street and Seaholm environment, close to the Central Library, Trader Joe’s, dining, retail, offices, and the lake.","Northshore puts everyday downtown needs within a compact walk. Groceries, the library, work, dining, retail, and the lake can all fit into one resident routine.",Build campaigns around repeat utility and mixed-use behavior. Resident value should come from time saved and neighborhood confidence.,Pool; fitness; resident lounges; coworking; pet amenities; outdoor spaces; concierge and package services,Proposed: 2nd Street retail offers; Central Library cultural programming; Trader Joe’s and grocery routines; coworking coffee; event-night dining,"A highly usable location at the seam of 2nd Street, Seaholm, and the lake.",Library rooftop; Seaholm and Trader Joe’s loop; quieter early-evening 2nd Street.,Northshore everyday; Library-to-lake; 2nd Street resident edit; Workday made local,Open neighborhood guide | Explore retail | View perks | Save,Launch mixed-use campaign | Manage retail offers | View reports,Shared amenities | Resident perks | Nearby essentials | Hidden gems | Events nearby,Resident value | Amenity engagement | Campaign opportunity | Audience | Reporting,Seaholm / 2nd Street; residential; mixed use; amenities; resident perks; downtown Austin; Northshore,https://northshoreaustin.com/,Verify current amenities and retail relationships
residential_mixed_use_copy_deck,the-monarch,The Monarch by Windsor,Market District / West Downtown,Luxury rental tower,Existing,property,Residential,/pins/circular/categories/residential.svg,"A west downtown apartment tower near Whole Foods, BookPeople, Shoal Creek, offices, and downtown dining.","The Monarch offers a practical west-downtown routine with groceries, books, work, fitness, and dining nearby—close to the center without living directly in the event core.","Position around resident routine, west-downtown calm, and local retention. Offers should feel useful and repeatable.",Pool; fitness; resident lounges; business or coworking spaces; pet amenities; outdoor areas; parking and resident services,Proposed: Whole Foods and meal support; BookPeople cultural guide; wellness and fitness; pet care; Shoal Creek and trail routes,"Daily essentials are closer than the entertainment district, which is exactly the point.",West 6th weekday dining; BookPeople events; Shoal Creek route; grocery-first resident routines.,"West downtown works; Resident essentials; Books, food, movement; Quietly central",Open west downtown guide | Explore nearby | View perks | Save,Launch local retention campaign | Manage benefits | View reports,Shared amenities | Resident perks | Nearby essentials | Hidden gems | Events nearby,Resident value | Amenity engagement | Campaign opportunity | Audience | Reporting,Market District / West Downtown; residential; mixed use; amenities; resident perks; downtown Austin; The Monarch by Windsor,https://www.windsorcommunities.com/properties/the-monarch-by-windsor/,Verify current branding and amenity inventory
