id,name,map_status,image_source,image_url,image_attribution,google_place_id,google_photo_reference,google_places_status,qa_notes
omni-austin-hotel-downtown,Omni Austin Hotel Downtown,matched_current_map,existing_map,/images/fallbacks/hotel.jpg,,,,skipped_no_api_key,Missing Google Place ID. | Missing Google Places photo URL/reference in source CSV. | Google Places enrichment skipped because GOOGLE_PLACES_API_KEY / GOOGLE_MAPS_API_KEY is not configured.
voodoo-doughnut,Voodoo Doughnut,needs_review_missing_coordinates,existing_map,/images/fallbacks/retail.jpg,,,,skipped_no_api_key,"Missing from current map or below 85% match confidence. CSV does not include lat/lng or Google Place ID, so pin import is blocked until Google Places enrichment/geocoding is run. | Missing Google Place ID. | Missing Google Places photo URL/reference in source CSV. | Google Places enrichment skipped because GOOGLE_PLACES_API_KEY / GOOGLE_MAPS_API_KEY is not configured."
roaring-fork,Roaring Fork,matched_current_map,existing_map,/images/fallbacks/dining.jpg,,,,skipped_no_api_key,Missing Google Place ID. | Missing Google Places photo URL/reference in source CSV. | Google Places enrichment skipped because GOOGLE_PLACES_API_KEY / GOOGLE_MAPS_API_KEY is not configured.
boa-steakhouse,BOA Steakhouse,needs_review_missing_coordinates,existing_map,/images/fallbacks/dining.jpg,,,,skipped_no_api_key,"Missing from current map or below 85% match confidence. CSV does not include lat/lng or Google Place ID, so pin import is blocked until Google Places enrichment/geocoding is run. | Missing Google Place ID. | Missing Google Places photo URL/reference in source CSV. | Google Places enrichment skipped because GOOGLE_PLACES_API_KEY / GOOGLE_MAPS_API_KEY is not configured."
the-kitchen-american-bistro,The Kitchen American Bistro,needs_review_missing_coordinates,existing_map,/images/fallbacks/dining.jpg,,,,skipped_no_api_key,"Missing from current map or below 85% match confidence. CSV does not include lat/lng or Google Place ID, so pin import is blocked until Google Places enrichment/geocoding is run. | Missing Google Place ID. | Missing Google Places photo URL/reference in source CSV. | Google Places enrichment skipped because GOOGLE_PLACES_API_KEY / GOOGLE_MAPS_API_KEY is not configured."
fixe-southern-house,Fixe Southern House,matched_current_map,existing_map,/images/fallbacks/dining.jpg,,,,skipped_no_api_key,Missing Google Place ID. | Missing Google Places photo URL/reference in source CSV. | Google Places enrichment skipped because GOOGLE_PLACES_API_KEY / GOOGLE_MAPS_API_KEY is not configured.
ranch-616,Ranch 616,matched_current_map,existing_map,/images/fallbacks/dining.jpg,,,,skipped_no_api_key,Missing Google Place ID. | Missing Google Places photo URL/reference in source CSV. | Google Places enrichment skipped because GOOGLE_PLACES_API_KEY / GOOGLE_MAPS_API_KEY is not configured.
austin-wellness-collaborative,Austin Wellness Collaborative,needs_review_missing_coordinates,existing_map,/images/fallbacks/brands.jpg,,,,skipped_no_api_key,"Missing from current map or below 85% match confidence. CSV does not include lat/lng or Google Place ID, so pin import is blocked until Google Places enrichment/geocoding is run. | Missing Google Place ID. | Missing Google Places photo URL/reference in source CSV. | Google Places enrichment skipped because GOOGLE_PLACES_API_KEY / GOOGLE_MAPS_API_KEY is not configured."
la-volta-pizza-club,La Volta Pizza Club,needs_review_missing_coordinates,existing_map,/images/fallbacks/dining.jpg,,,,skipped_no_api_key,"Missing from current map or below 85% match confidence. CSV does not include lat/lng or Google Place ID, so pin import is blocked until Google Places enrichment/geocoding is run. | Missing Google Place ID. | Missing Google Places photo URL/reference in source CSV. | Google Places enrichment skipped because GOOGLE_PLACES_API_KEY / GOOGLE_MAPS_API_KEY is not configured."
24-diner,24 Diner,matched_current_map,existing_map,/images/fallbacks/dining.jpg,,,,skipped_no_api_key,Missing Google Place ID. | Missing Google Places photo URL/reference in source CSV. | Google Places enrichment skipped because GOOGLE_PLACES_API_KEY / GOOGLE_MAPS_API_KEY is not configured.
the-antique-swan,The Antique Swan,needs_review_missing_coordinates,fallback,/images/fallbacks/retail.jpg,,,,skipped_no_api_key,"Missing from current map or below 85% match confidence. CSV does not include lat/lng or Google Place ID, so pin import is blocked until Google Places enrichment/geocoding is run. | Missing Google Place ID. | Missing Google Places photo URL/reference in source CSV. | Google Places enrichment skipped because GOOGLE_PLACES_API_KEY / GOOGLE_MAPS_API_KEY is not configured."
frank-darling,Frank Darling,needs_review_missing_coordinates,existing_map,/images/fallbacks/residential.jpg,,,,skipped_no_api_key,"Missing from current map or below 85% match confidence. CSV does not include lat/lng or Google Place ID, so pin import is blocked until Google Places enrichment/geocoding is run. | Missing Google Place ID. | Missing Google Places photo URL/reference in source CSV. | Google Places enrichment skipped because GOOGLE_PLACES_API_KEY / GOOGLE_MAPS_API_KEY is not configured."
portland-leather-goods-austin,"Portland Leather Goods, Austin",needs_review_missing_coordinates,existing_map,/images/fallbacks/residential.jpg,,,,skipped_no_api_key,"Missing from current map or below 85% match confidence. CSV does not include lat/lng or Google Place ID, so pin import is blocked until Google Places enrichment/geocoding is run. | Missing Google Place ID. | Missing Google Places photo URL/reference in source CSV. | Google Places enrichment skipped because GOOGLE_PLACES_API_KEY / GOOGLE_MAPS_API_KEY is not configured."
the-shade-store,The Shade Store,needs_review_missing_coordinates,existing_map,/images/fallbacks/retail.jpg,,,,skipped_no_api_key,"Missing from current map or below 85% match confidence. CSV does not include lat/lng or Google Place ID, so pin import is blocked until Google Places enrichment/geocoding is run. | Missing Google Place ID. | Missing Google Places photo URL/reference in source CSV. | Google Places enrichment skipped because GOOGLE_PLACES_API_KEY / GOOGLE_MAPS_API_KEY is not configured."
townlake-ymca,Townlake YMCA,needs_review_missing_coordinates,fallback,/images/fallbacks/wellness.jpg,,,,skipped_no_api_key,"Missing from current map or below 85% match confidence. CSV does not include lat/lng or Google Place ID, so pin import is blocked until Google Places enrichment/geocoding is run. | Missing Google Place ID. | Missing Google Places photo URL/reference in source CSV. | Google Places enrichment skipped because GOOGLE_PLACES_API_KEY / GOOGLE_MAPS_API_KEY is not configured."
atx-sign,ATX Sign,needs_review_missing_coordinates,existing_map,/images/fallbacks/retail.jpg,,,,skipped_no_api_key,"Missing from current map or below 85% match confidence. CSV does not include lat/lng or Google Place ID, so pin import is blocked until Google Places enrichment/geocoding is run. | Missing Google Place ID. | Missing Google Places photo URL/reference in source CSV. | Google Places enrichment skipped because GOOGLE_PLACES_API_KEY / GOOGLE_MAPS_API_KEY is not configured."
wellness-and-beauty,Wellness and Beauty,needs_review_missing_coordinates,existing_map,/images/fallbacks/drinks.jpg,,,,skipped_no_api_key,"Missing from current map or below 85% match confidence. CSV does not include lat/lng or Google Place ID, so pin import is blocked until Google Places enrichment/geocoding is run. | Missing Google Place ID. | Missing Google Places photo URL/reference in source CSV. | Google Places enrichment skipped because GOOGLE_PLACES_API_KEY / GOOGLE_MAPS_API_KEY is not configured."
ballet-austin-s-pilates-center,Ballet Austin's Pilates Center,needs_review_missing_coordinates,fallback,/images/fallbacks/wellness.jpg,,,,skipped_no_api_key,"Missing from current map or below 85% match confidence. CSV does not include lat/lng or Google Place ID, so pin import is blocked until Google Places enrichment/geocoding is run. | Missing Google Place ID. | Missing Google Places photo URL/reference in source CSV. | Google Places enrichment skipped because GOOGLE_PLACES_API_KEY / GOOGLE_MAPS_API_KEY is not configured."
ballet-austin,Ballet Austin,needs_review_missing_coordinates,fallback,/images/fallbacks/dining.jpg,,,,skipped_no_api_key,"Missing from current map or below 85% match confidence. CSV does not include lat/lng or Google Place ID, so pin import is blocked until Google Places enrichment/geocoding is run. | Missing Google Place ID. | Missing Google Places photo URL/reference in source CSV. | Google Places enrichment skipped because GOOGLE_PLACES_API_KEY / GOOGLE_MAPS_API_KEY is not configured."
local-walk-up-window,Local Walk-Up Window,needs_review_missing_coordinates,existing_map,/images/fallbacks/residential.jpg,,,,skipped_no_api_key,"Missing from current map or below 85% match confidence. CSV does not include lat/lng or Google Place ID, so pin import is blocked until Google Places enrichment/geocoding is run. | Missing Google Place ID. | Missing Google Places photo URL/reference in source CSV. | Google Places enrichment skipped because GOOGLE_PLACES_API_KEY / GOOGLE_MAPS_API_KEY is not configured."
north-italia,North Italia,matched_current_map,existing_map,/images/fallbacks/dining.jpg,,,,skipped_no_api_key,Missing Google Place ID. | Missing Google Places photo URL/reference in source CSV. | Google Places enrichment skipped because GOOGLE_PLACES_API_KEY / GOOGLE_MAPS_API_KEY is not configured.
flower-child,Flower Child,matched_current_map,existing_map,/images/fallbacks/dining.jpg,,,,skipped_no_api_key,Missing Google Place ID. | Missing Google Places photo URL/reference in source CSV. | Google Places enrichment skipped because GOOGLE_PLACES_API_KEY / GOOGLE_MAPS_API_KEY is not configured.
torchy-s-tacos,Torchy's Tacos,matched_current_map,existing_map,/images/fallbacks/dining.jpg,,,,skipped_no_api_key,Missing Google Place ID. | Missing Google Places photo URL/reference in source CSV. | Google Places enrichment skipped because GOOGLE_PLACES_API_KEY / GOOGLE_MAPS_API_KEY is not configured.
world-space-austin,World Space Austin,needs_review_missing_coordinates,existing_map,/images/fallbacks/hotel.jpg,,,,skipped_no_api_key,"Missing from current map or below 85% match confidence. CSV does not include lat/lng or Google Place ID, so pin import is blocked until Google Places enrichment/geocoding is run. | Missing Google Place ID. | Missing Google Places photo URL/reference in source CSV. | Google Places enrichment skipped because GOOGLE_PLACES_API_KEY / GOOGLE_MAPS_API_KEY is not configured."
indochino,INDOCHINO,needs_review_missing_coordinates,fallback,/images/fallbacks/retail.jpg,,,,skipped_no_api_key,"Missing from current map or below 85% match confidence. CSV does not include lat/lng or Google Place ID, so pin import is blocked until Google Places enrichment/geocoding is run. | Missing Google Place ID. | Missing Google Places photo URL/reference in source CSV. | Google Places enrichment skipped because GOOGLE_PLACES_API_KEY / GOOGLE_MAPS_API_KEY is not configured."
yummi-joy,Yummi Joy,matched_current_map,existing_map,/images/fallbacks/coffee.jpg,,,,skipped_no_api_key,Missing Google Place ID. | Missing Google Places photo URL/reference in source CSV. | Google Places enrichment skipped because GOOGLE_PLACES_API_KEY / GOOGLE_MAPS_API_KEY is not configured.
sushi-bar-austin-downtown,Sushi Bar Austin Downtown,needs_review_missing_coordinates,existing_map,/images/fallbacks/dining.jpg,,,,skipped_no_api_key,"Missing from current map or below 85% match confidence. CSV does not include lat/lng or Google Place ID, so pin import is blocked until Google Places enrichment/geocoding is run. | Missing Google Place ID. | Missing Google Places photo URL/reference in source CSV. | Google Places enrichment skipped because GOOGLE_PLACES_API_KEY / GOOGLE_MAPS_API_KEY is not configured."
golden-ace-austin,Golden Ace Austin,matched_current_map,existing_map,/images/fallbacks/drinks.jpg,,,,skipped_no_api_key,Missing Google Place ID. | Missing Google Places photo URL/reference in source CSV. | Google Places enrichment skipped because GOOGLE_PLACES_API_KEY / GOOGLE_MAPS_API_KEY is not configured.
strive-company,Strive Company,needs_review_missing_coordinates,existing_map,/images/fallbacks/retail.jpg,,,,skipped_no_api_key,"Missing from current map or below 85% match confidence. CSV does not include lat/lng or Google Place ID, so pin import is blocked until Google Places enrichment/geocoding is run. | Missing Google Place ID. | Missing Google Places photo URL/reference in source CSV. | Google Places enrichment skipped because GOOGLE_PLACES_API_KEY / GOOGLE_MAPS_API_KEY is not configured."
atx-cocina,ATX Cocina,matched_current_map,existing_map,/images/fallbacks/dining.jpg,,,,skipped_no_api_key,Missing Google Place ID. | Missing Google Places photo URL/reference in source CSV. | Google Places enrichment skipped because GOOGLE_PLACES_API_KEY / GOOGLE_MAPS_API_KEY is not configured.
candid-studios-photography-and-videography-austin,Candid Studios Photography & Videography - Austin,needs_review_missing_coordinates,existing_map,/images/fallbacks/hotel.jpg,,,,skipped_no_api_key,"Missing from current map or below 85% match confidence. CSV does not include lat/lng or Google Place ID, so pin import is blocked until Google Places enrichment/geocoding is run. | Missing Google Place ID. | Missing Google Places photo URL/reference in source CSV. | Google Places enrichment skipped because GOOGLE_PLACES_API_KEY / GOOGLE_MAPS_API_KEY is not configured."
blu-dot,Blu Dot,needs_review_missing_coordinates,fallback,/images/fallbacks/retail.jpg,,,,skipped_no_api_key,"Missing from current map or below 85% match confidence. CSV does not include lat/lng or Google Place ID, so pin import is blocked until Google Places enrichment/geocoding is run. | Missing Google Place ID. | Missing Google Places photo URL/reference in source CSV. | Google Places enrichment skipped because GOOGLE_PLACES_API_KEY / GOOGLE_MAPS_API_KEY is not configured."
urban-outfitters,Urban Outfitters,matched_current_map,existing_map,/images/fallbacks/retail.jpg,,,,skipped_no_api_key,Missing Google Place ID. | Missing Google Places photo URL/reference in source CSV. | Google Places enrichment skipped because GOOGLE_PLACES_API_KEY / GOOGLE_MAPS_API_KEY is not configured.
serenade,Serenade,needs_review_missing_coordinates,existing_map,/images/fallbacks/dining.jpg,,,,skipped_no_api_key,"Missing from current map or below 85% match confidence. CSV does not include lat/lng or Google Place ID, so pin import is blocked until Google Places enrichment/geocoding is run. | Missing Google Place ID. | Missing Google Places photo URL/reference in source CSV. | Google Places enrichment skipped because GOOGLE_PLACES_API_KEY / GOOGLE_MAPS_API_KEY is not configured."
which-wich,Which Wich,matched_current_map,existing_map,/images/fallbacks/dining.jpg,,,,skipped_no_api_key,Missing Google Place ID. | Missing Google Places photo URL/reference in source CSV. | Google Places enrichment skipped because GOOGLE_PLACES_API_KEY / GOOGLE_MAPS_API_KEY is not configured.
starbucks-coffee-company,Starbucks Coffee Company,needs_review_missing_coordinates,existing_map,/images/fallbacks/coffee.jpg,,,,skipped_no_api_key,"Missing from current map or below 85% match confidence. CSV does not include lat/lng or Google Place ID, so pin import is blocked until Google Places enrichment/geocoding is run. | Missing Google Place ID. | Missing Google Places photo URL/reference in source CSV. | Google Places enrichment skipped because GOOGLE_PLACES_API_KEY / GOOGLE_MAPS_API_KEY is not configured."
tesla-destination-charger,Tesla Destination Charger,needs_review_missing_coordinates,existing_map,/images/fallbacks/hotel.jpg,,,,skipped_no_api_key,"Missing from current map or below 85% match confidence. CSV does not include lat/lng or Google Place ID, so pin import is blocked until Google Places enrichment/geocoding is run. | Missing Google Place ID. | Missing Google Places photo URL/reference in source CSV. | Google Places enrichment skipped because GOOGLE_PLACES_API_KEY / GOOGLE_MAPS_API_KEY is not configured."
cathy-s-cleaners-downtown,Cathy's Cleaners Downtown,matched_current_map,existing_map,/images/fallbacks/retail.jpg,,,,skipped_no_api_key,Missing Google Place ID. | Missing Google Places photo URL/reference in source CSV. | Google Places enrichment skipped because GOOGLE_PLACES_API_KEY / GOOGLE_MAPS_API_KEY is not configured.
barchi-sushi,BarChi Sushi,matched_current_map,existing_map,/images/fallbacks/dining.jpg,,,,skipped_no_api_key,Missing Google Place ID. | Missing Google Places photo URL/reference in source CSV. | Google Places enrichment skipped because GOOGLE_PLACES_API_KEY / GOOGLE_MAPS_API_KEY is not configured.
taverna-austin-downtown,Taverna Austin (Downtown),matched_current_map,existing_map,/images/fallbacks/dining.jpg,,,,skipped_no_api_key,Missing Google Place ID. | Missing Google Places photo URL/reference in source CSV. | Google Places enrichment skipped because GOOGLE_PLACES_API_KEY / GOOGLE_MAPS_API_KEY is not configured.
iii-forks,III Forks,matched_current_map,existing_map,/images/fallbacks/dining.jpg,,,,skipped_no_api_key,Missing Google Place ID. | Missing Google Places photo URL/reference in source CSV. | Google Places enrichment skipped because GOOGLE_PLACES_API_KEY / GOOGLE_MAPS_API_KEY is not configured.
bob-s-steak-and-chop-house-downtown-austin,Bob's Steak & Chop House - Downtown Austin,matched_current_map,existing_map,/images/fallbacks/dining.jpg,,,,skipped_no_api_key,Missing Google Place ID. | Missing Google Places photo URL/reference in source CSV. | Google Places enrichment skipped because GOOGLE_PLACES_API_KEY / GOOGLE_MAPS_API_KEY is not configured.
cooper-s-old-time-pit-bar-b-que,Cooper's Old Time Pit Bar-B-Que,matched_current_map,existing_map,/images/fallbacks/drinks.jpg,,,,skipped_no_api_key,Missing Google Place ID. | Missing Google Places photo URL/reference in source CSV. | Google Places enrichment skipped because GOOGLE_PLACES_API_KEY / GOOGLE_MAPS_API_KEY is not configured.
soma-re-form-pilates-and-wellness-collective,Soma Re·form Pilates & Wellness Collective,needs_review_missing_coordinates,existing_map,/images/fallbacks/dining.jpg,,,,skipped_no_api_key,"Missing from current map or below 85% match confidence. CSV does not include lat/lng or Google Place ID, so pin import is blocked until Google Places enrichment/geocoding is run. | Missing Google Place ID. | Missing Google Places photo URL/reference in source CSV. | Google Places enrichment skipped because GOOGLE_PLACES_API_KEY / GOOGLE_MAPS_API_KEY is not configured."
mexic-arte-museum,Mexic-Arte Museum,matched_current_map,existing_map,/images/fallbacks/civic.jpg,,,,skipped_no_api_key,Missing Google Place ID. | Missing Google Places photo URL/reference in source CSV. | Google Places enrichment skipped because GOOGLE_PLACES_API_KEY / GOOGLE_MAPS_API_KEY is not configured.
shiner-s-saloon,Shiner's Saloon,matched_current_map,existing_map,/images/fallbacks/drinks.jpg,,,,skipped_no_api_key,Missing Google Place ID. | Missing Google Places photo URL/reference in source CSV. | Google Places enrichment skipped because GOOGLE_PLACES_API_KEY / GOOGLE_MAPS_API_KEY is not configured.
ra-sushi-austin,RA Sushi - Austin,needs_review_missing_coordinates,existing_map,/images/fallbacks/dining.jpg,,,,skipped_no_api_key,"Missing from current map or below 85% match confidence. CSV does not include lat/lng or Google Place ID, so pin import is blocked until Google Places enrichment/geocoding is run. | Missing Google Place ID. | Missing Google Places photo URL/reference in source CSV. | Google Places enrichment skipped because GOOGLE_PLACES_API_KEY / GOOGLE_MAPS_API_KEY is not configured."
flow-at-the-one-luxury-iv-hydration-and-wellness,Flow At The One Luxury IV Hydration & Wellness,needs_review_missing_coordinates,existing_map,/images/fallbacks/residential.jpg,,,,skipped_no_api_key,"Missing from current map or below 85% match confidence. CSV does not include lat/lng or Google Place ID, so pin import is blocked until Google Places enrichment/geocoding is run. | Missing Google Place ID. | Missing Google Places photo URL/reference in source CSV. | Google Places enrichment skipped because GOOGLE_PLACES_API_KEY / GOOGLE_MAPS_API_KEY is not configured."
white-sage-integrative-wellness-apothecary-and-med-spa,"White Sage Integrative Wellness, Apothecary & Med Spa",needs_review_missing_coordinates,existing_map,/images/fallbacks/hotel.jpg,,,,skipped_no_api_key,"Missing from current map or below 85% match confidence. CSV does not include lat/lng or Google Place ID, so pin import is blocked until Google Places enrichment/geocoding is run. | Missing Google Place ID. | Missing Google Places photo URL/reference in source CSV. | Google Places enrichment skipped because GOOGLE_PLACES_API_KEY / GOOGLE_MAPS_API_KEY is not configured."
verbena-spa,Verbena Spa,needs_review_missing_coordinates,fallback,/images/fallbacks/wellness.jpg,,,,skipped_no_api_key,"Missing from current map or below 85% match confidence. CSV does not include lat/lng or Google Place ID, so pin import is blocked until Google Places enrichment/geocoding is run. | Missing Google Place ID. | Missing Google Places photo URL/reference in source CSV. | Google Places enrichment skipped because GOOGLE_PLACES_API_KEY / GOOGLE_MAPS_API_KEY is not configured."
milk-honey,milk + honey,matched_current_map,existing_map,/images/fallbacks/retail.jpg,,,,skipped_no_api_key,Missing Google Place ID. | Missing Google Places photo URL/reference in source CSV. | Google Places enrichment skipped because GOOGLE_PLACES_API_KEY / GOOGLE_MAPS_API_KEY is not configured.
the-tox-austin-downtown,The Tox Austin Downtown,matched_current_map,existing_map,/images/fallbacks/retail.jpg,,,,skipped_no_api_key,Missing Google Place ID. | Missing Google Places photo URL/reference in source CSV. | Google Places enrichment skipped because GOOGLE_PLACES_API_KEY / GOOGLE_MAPS_API_KEY is not configured.
the-monarch-by-windsor-apartments,The Monarch by Windsor Apartments,needs_review_missing_coordinates,fallback,/images/fallbacks/residential.jpg,,,,skipped_no_api_key,"Missing from current map or below 85% match confidence. CSV does not include lat/lng or Google Place ID, so pin import is blocked until Google Places enrichment/geocoding is run. | Missing Google Place ID. | Missing Google Places photo URL/reference in source CSV. | Google Places enrichment skipped because GOOGLE_PLACES_API_KEY / GOOGLE_MAPS_API_KEY is not configured."
the-well-2nd-st,The Well - 2nd St,needs_review_missing_coordinates,fallback,/images/fallbacks/dining.jpg,,,,skipped_no_api_key,"Missing from current map or below 85% match confidence. CSV does not include lat/lng or Google Place ID, so pin import is blocked until Google Places enrichment/geocoding is run. | Missing Google Place ID. | Missing Google Places photo URL/reference in source CSV. | Google Places enrichment skipped because GOOGLE_PLACES_API_KEY / GOOGLE_MAPS_API_KEY is not configured."
parlor-room,Parlor Room,matched_current_map,existing_map,/images/fallbacks/drinks.jpg,,,,skipped_no_api_key,Missing Google Place ID. | Missing Google Places photo URL/reference in source CSV. | Google Places enrichment skipped because GOOGLE_PLACES_API_KEY / GOOGLE_MAPS_API_KEY is not configured.
duke-s-adventure-golf,Duke's Adventure Golf,needs_review_missing_coordinates,existing_map,/images/fallbacks/dining.jpg,,,,skipped_no_api_key,"Missing from current map or below 85% match confidence. CSV does not include lat/lng or Google Place ID, so pin import is blocked until Google Places enrichment/geocoding is run. | Missing Google Place ID. | Missing Google Places photo URL/reference in source CSV. | Google Places enrichment skipped because GOOGLE_PLACES_API_KEY / GOOGLE_MAPS_API_KEY is not configured."
tennis-table,Tennis table,needs_review_missing_coordinates,existing_map,/images/fallbacks/residential.jpg,,,,skipped_no_api_key,"Missing from current map or below 85% match confidence. CSV does not include lat/lng or Google Place ID, so pin import is blocked until Google Places enrichment/geocoding is run. | Missing Google Place ID. | Missing Google Places photo URL/reference in source CSV. | Google Places enrichment skipped because GOOGLE_PLACES_API_KEY / GOOGLE_MAPS_API_KEY is not configured."
bar-toti,Bar Toti,needs_review_missing_coordinates,existing_map,/images/fallbacks/drinks.jpg,,,,skipped_no_api_key,"Missing from current map or below 85% match confidence. CSV does not include lat/lng or Google Place ID, so pin import is blocked until Google Places enrichment/geocoding is run. | Missing Google Place ID. | Missing Google Places photo URL/reference in source CSV. | Google Places enrichment skipped because GOOGLE_PLACES_API_KEY / GOOGLE_MAPS_API_KEY is not configured."
lucille-patio-lounge,Lucille Patio Lounge,needs_review_missing_coordinates,fallback,/images/fallbacks/drinks.jpg,,,,skipped_no_api_key,"Missing from current map or below 85% match confidence. CSV does not include lat/lng or Google Place ID, so pin import is blocked until Google Places enrichment/geocoding is run. | Missing Google Place ID. | Missing Google Places photo URL/reference in source CSV. | Google Places enrichment skipped because GOOGLE_PLACES_API_KEY / GOOGLE_MAPS_API_KEY is not configured."
sugarwolf-bakery,Sugarwolf Bakery,needs_review_missing_coordinates,fallback,/images/fallbacks/dining.jpg,,,,skipped_no_api_key,"Missing from current map or below 85% match confidence. CSV does not include lat/lng or Google Place ID, so pin import is blocked until Google Places enrichment/geocoding is run. | Missing Google Place ID. | Missing Google Places photo URL/reference in source CSV. | Google Places enrichment skipped because GOOGLE_PLACES_API_KEY / GOOGLE_MAPS_API_KEY is not configured."
swish-dental-downtown,Swish Dental Downtown,needs_review_missing_coordinates,existing_map,/images/fallbacks/drinks.jpg,,,,skipped_no_api_key,"Missing from current map or below 85% match confidence. CSV does not include lat/lng or Google Place ID, so pin import is blocked until Google Places enrichment/geocoding is run. | Missing Google Place ID. | Missing Google Places photo URL/reference in source CSV. | Google Places enrichment skipped because GOOGLE_PLACES_API_KEY / GOOGLE_MAPS_API_KEY is not configured."
hanover-republic-square,Hanover Republic Square,matched_current_map,existing_map,/buildings/hanover-republic-square.jpg,,,,skipped_no_api_key,Missing Google Place ID. | Missing Google Places photo URL/reference in source CSV. | Google Places enrichment skipped because GOOGLE_PLACES_API_KEY / GOOGLE_MAPS_API_KEY is not configured.
rainey-street-historic-district,Rainey Street Historic District,needs_review_missing_coordinates,fallback,/images/fallbacks/civic.jpg,,,,skipped_no_api_key,"Avoid duplicate district pins; use as guide layer. | Missing from current map or below 85% match confidence. CSV does not include lat/lng or Google Place ID, so pin import is blocked until Google Places enrichment/geocoding is run. | Missing Google Place ID. | Missing Google Places photo URL/reference in source CSV. | Google Places enrichment skipped because GOOGLE_PLACES_API_KEY / GOOGLE_MAPS_API_KEY is not configured."
lvs-la-vie-med-spas-day-spa,LVS La Vie Med Spas + Day Spa,needs_review_missing_coordinates,existing_map,/images/fallbacks/retail.jpg,,,,skipped_no_api_key,"Missing from current map or below 85% match confidence. CSV does not include lat/lng or Google Place ID, so pin import is blocked until Google Places enrichment/geocoding is run. | Missing Google Place ID. | Missing Google Places photo URL/reference in source CSV. | Google Places enrichment skipped because GOOGLE_PLACES_API_KEY / GOOGLE_MAPS_API_KEY is not configured."
fat-rabbit-social-house,Fat Rabbit Social House,needs_review_missing_coordinates,fallback,/images/fallbacks/dining.jpg,,,,skipped_no_api_key,"Missing from current map or below 85% match confidence. CSV does not include lat/lng or Google Place ID, so pin import is blocked until Google Places enrichment/geocoding is run. | Missing Google Place ID. | Missing Google Places photo URL/reference in source CSV. | Google Places enrichment skipped because GOOGLE_PLACES_API_KEY / GOOGLE_MAPS_API_KEY is not configured."
geraldine-s,Geraldine's,matched_current_map,fallback,/images/fallbacks/dining.jpg,,,,skipped_no_api_key,Missing Google Place ID. | Missing Google Places photo URL/reference in source CSV. | Google Places enrichment skipped because GOOGLE_PLACES_API_KEY / GOOGLE_MAPS_API_KEY is not configured.
lustre-pearl-rainey,Lustre Pearl Rainey,matched_current_map,fallback,/images/fallbacks/drinks.jpg,,,,skipped_no_api_key,Missing Google Place ID. | Missing Google Places photo URL/reference in source CSV. | Google Places enrichment skipped because GOOGLE_PLACES_API_KEY / GOOGLE_MAPS_API_KEY is not configured.
roost-rainey,ROOST Rainey,needs_review_missing_coordinates,existing_map,/images/map-pins/property/70-rainey.webp,,,,skipped_no_api_key,"Missing from current map or below 85% match confidence. CSV does not include lat/lng or Google Place ID, so pin import is blocked until Google Places enrichment/geocoding is run. | Missing Google Place ID. | Missing Google Places photo URL/reference in source CSV. | Google Places enrichment skipped because GOOGLE_PLACES_API_KEY / GOOGLE_MAPS_API_KEY is not configured."
little-lucy-s,Little Lucy's,needs_review_missing_coordinates,fallback,/images/fallbacks/dining.jpg,,,,skipped_no_api_key,"Missing from current map or below 85% match confidence. CSV does not include lat/lng or Google Place ID, so pin import is blocked until Google Places enrichment/geocoding is run. | Missing Google Place ID. | Missing Google Places photo URL/reference in source CSV. | Google Places enrichment skipped because GOOGLE_PLACES_API_KEY / GOOGLE_MAPS_API_KEY is not configured."
clive,Clive,needs_review_missing_coordinates,fallback,/images/fallbacks/drinks.jpg,,,,skipped_no_api_key,"Missing from current map or below 85% match confidence. CSV does not include lat/lng or Google Place ID, so pin import is blocked until Google Places enrichment/geocoding is run. | Missing Google Place ID. | Missing Google Places photo URL/reference in source CSV. | Google Places enrichment skipped because GOOGLE_PLACES_API_KEY / GOOGLE_MAPS_API_KEY is not configured."
amaya,Amaya,needs_review_missing_coordinates,fallback,/images/fallbacks/dining.jpg,,,,skipped_no_api_key,"Missing from current map or below 85% match confidence. CSV does not include lat/lng or Google Place ID, so pin import is blocked until Google Places enrichment/geocoding is run. | Missing Google Place ID. | Missing Google Places photo URL/reference in source CSV. | Google Places enrichment skipped because GOOGLE_PLACES_API_KEY / GOOGLE_MAPS_API_KEY is not configured."
anthem,Anthem,matched_current_map,existing_map,/images/fallbacks/dining.jpg,,,,skipped_no_api_key,Missing Google Place ID. | Missing Google Places photo URL/reference in source CSV. | Google Places enrichment skipped because GOOGLE_PLACES_API_KEY / GOOGLE_MAPS_API_KEY is not configured.
victory-lap-rainey,Victory Lap Rainey,needs_review_missing_coordinates,existing_map,/images/map-pins/property/70-rainey.webp,,,,skipped_no_api_key,"Missing from current map or below 85% match confidence. CSV does not include lat/lng or Google Place ID, so pin import is blocked until Google Places enrichment/geocoding is run. | Missing Google Place ID. | Missing Google Places photo URL/reference in source CSV. | Google Places enrichment skipped because GOOGLE_PLACES_API_KEY / GOOGLE_MAPS_API_KEY is not configured."
little-brother,Little Brother,matched_current_map,existing_map,/images/fallbacks/drinks.jpg,,,,skipped_no_api_key,Missing Google Place ID. | Missing Google Places photo URL/reference in source CSV. | Google Places enrichment skipped because GOOGLE_PLACES_API_KEY / GOOGLE_MAPS_API_KEY is not configured.
windsor-on-the-lake-apartments,Windsor on the Lake Apartments,needs_review_missing_coordinates,existing_map,/images/map-pins/property/windsor-on-the-lake.avif,,,,skipped_no_api_key,"Missing from current map or below 85% match confidence. CSV does not include lat/lng or Google Place ID, so pin import is blocked until Google Places enrichment/geocoding is run. | Missing Google Place ID. | Missing Google Places photo URL/reference in source CSV. | Google Places enrichment skipped because GOOGLE_PLACES_API_KEY / GOOGLE_MAPS_API_KEY is not configured."
milago-condominium,Milago Condominium,needs_review_missing_coordinates,fallback,/images/fallbacks/residential.jpg,,,,skipped_no_api_key,"Missing from current map or below 85% match confidence. CSV does not include lat/lng or Google Place ID, so pin import is blocked until Google Places enrichment/geocoding is run. | Missing Google Place ID. | Missing Google Places photo URL/reference in source CSV. | Google Places enrichment skipped because GOOGLE_PLACES_API_KEY / GOOGLE_MAPS_API_KEY is not configured."
always-something,Always Something,needs_review_missing_coordinates,fallback,/images/fallbacks/dining.jpg,,,,skipped_no_api_key,"Missing from current map or below 85% match confidence. CSV does not include lat/lng or Google Place ID, so pin import is blocked until Google Places enrichment/geocoding is run. | Missing Google Place ID. | Missing Google Places photo URL/reference in source CSV. | Google Places enrichment skipped because GOOGLE_PLACES_API_KEY / GOOGLE_MAPS_API_KEY is not configured."
toy-joy,Toy Joy,matched_current_map,existing_map,/images/fallbacks/retail.jpg,,,,skipped_no_api_key,Missing Google Place ID. | Missing Google Places photo URL/reference in source CSV. | Google Places enrichment skipped because GOOGLE_PLACES_API_KEY / GOOGLE_MAPS_API_KEY is not configured.
lucky-lizard-curios-and-gifts,Lucky Lizard Curios & Gifts,needs_review_missing_coordinates,fallback,/images/fallbacks/retail.jpg,,,,skipped_no_api_key,"Missing from current map or below 85% match confidence. CSV does not include lat/lng or Google Place ID, so pin import is blocked until Google Places enrichment/geocoding is run. | Missing Google Place ID. | Missing Google Places photo URL/reference in source CSV. | Google Places enrichment skipped because GOOGLE_PLACES_API_KEY / GOOGLE_MAPS_API_KEY is not configured."
daydreamer-coffee,Daydreamer Coffee,needs_review_missing_coordinates,fallback,/images/fallbacks/coffee.jpg,,,,skipped_no_api_key,"Missing from current map or below 85% match confidence. CSV does not include lat/lng or Google Place ID, so pin import is blocked until Google Places enrichment/geocoding is run. | Missing Google Place ID. | Missing Google Places photo URL/reference in source CSV. | Google Places enrichment skipped because GOOGLE_PLACES_API_KEY / GOOGLE_MAPS_API_KEY is not configured."
7th-street,7th Street,needs_review_missing_coordinates,existing_map,/images/fallbacks/coffee.jpg,,,,skipped_no_api_key,"Use as a route/geography filter, not a business drawer. | Missing from current map or below 85% match confidence. CSV does not include lat/lng or Google Place ID, so pin import is blocked until Google Places enrichment/geocoding is run. | Missing Google Place ID. | Missing Google Places photo URL/reference in source CSV. | Google Places enrichment skipped because GOOGLE_PLACES_API_KEY / GOOGLE_MAPS_API_KEY is not configured."
cesar-chavez-street,Cesar Chavez Street,needs_review_missing_coordinates,existing_map,/images/fallbacks/dining.jpg,,,,skipped_no_api_key,"Use as a route/geography filter, not a business drawer. | Missing from current map or below 85% match confidence. CSV does not include lat/lng or Google Place ID, so pin import is blocked until Google Places enrichment/geocoding is run. | Missing Google Place ID. | Missing Google Places photo URL/reference in source CSV. | Google Places enrichment skipped because GOOGLE_PLACES_API_KEY / GOOGLE_MAPS_API_KEY is not configured."
electric-shuffle,Electric Shuffle,needs_review_missing_coordinates,fallback,/images/fallbacks/dining.jpg,,,,skipped_no_api_key,"Missing from current map or below 85% match confidence. CSV does not include lat/lng or Google Place ID, so pin import is blocked until Google Places enrichment/geocoding is run. | Missing Google Place ID. | Missing Google Places photo URL/reference in source CSV. | Google Places enrichment skipped because GOOGLE_PLACES_API_KEY / GOOGLE_MAPS_API_KEY is not configured."
east-austin,East Austin,needs_review_missing_coordinates,existing_map,/images/map-pins/property/44-east.jpg,,,,skipped_no_api_key,"Avoid duplicate district pins; use as guide layer. | Missing from current map or below 85% match confidence. CSV does not include lat/lng or Google Place ID, so pin import is blocked until Google Places enrichment/geocoding is run. | Missing Google Place ID. | Missing Google Places photo URL/reference in source CSV. | Google Places enrichment skipped because GOOGLE_PLACES_API_KEY / GOOGLE_MAPS_API_KEY is not configured."
dwell-coworking,Dwell Coworking,needs_review_missing_coordinates,existing_map,/images/fallbacks/dining.jpg,,,,skipped_no_api_key,"Missing from current map or below 85% match confidence. CSV does not include lat/lng or Google Place ID, so pin import is blocked until Google Places enrichment/geocoding is run. | Missing Google Place ID. | Missing Google Places photo URL/reference in source CSV. | Google Places enrichment skipped because GOOGLE_PLACES_API_KEY / GOOGLE_MAPS_API_KEY is not configured."
atelier-1205,Atelier 1205,needs_review_missing_coordinates,fallback,/images/fallbacks/retail.jpg,,,,skipped_no_api_key,"Missing from current map or below 85% match confidence. CSV does not include lat/lng or Google Place ID, so pin import is blocked until Google Places enrichment/geocoding is run. | Missing Google Place ID. | Missing Google Places photo URL/reference in source CSV. | Google Places enrichment skipped because GOOGLE_PLACES_API_KEY / GOOGLE_MAPS_API_KEY is not configured."
arriba-abajo,Arriba Abajo,needs_review_missing_coordinates,fallback,/images/fallbacks/dining.jpg,,,,skipped_no_api_key,"Missing from current map or below 85% match confidence. CSV does not include lat/lng or Google Place ID, so pin import is blocked until Google Places enrichment/geocoding is run. | Missing Google Place ID. | Missing Google Places photo URL/reference in source CSV. | Google Places enrichment skipped because GOOGLE_PLACES_API_KEY / GOOGLE_MAPS_API_KEY is not configured."
half-step,Half Step,matched_current_map,fallback,/images/fallbacks/drinks.jpg,,,,skipped_no_api_key,Missing Google Place ID. | Missing Google Places photo URL/reference in source CSV. | Google Places enrichment skipped because GOOGLE_PLACES_API_KEY / GOOGLE_MAPS_API_KEY is not configured.
heydey-social-club,Heydey Social Club,needs_review_missing_coordinates,fallback,/images/fallbacks/drinks.jpg,,,,skipped_no_api_key,"Missing from current map or below 85% match confidence. CSV does not include lat/lng or Google Place ID, so pin import is blocked until Google Places enrichment/geocoding is run. | Missing Google Place ID. | Missing Google Places photo URL/reference in source CSV. | Google Places enrichment skipped because GOOGLE_PLACES_API_KEY / GOOGLE_MAPS_API_KEY is not configured."
subterra-agave-bar,Subterra Agave Bar,matched_current_map,existing_map,/images/fallbacks/drinks.jpg,,,,skipped_no_api_key,Missing Google Place ID. | Missing Google Places photo URL/reference in source CSV. | Google Places enrichment skipped because GOOGLE_PLACES_API_KEY / GOOGLE_MAPS_API_KEY is not configured.
bar-hacienda,Bar Hacienda,needs_review_missing_coordinates,existing_map,/images/fallbacks/drinks.jpg,,,,skipped_no_api_key,"Missing from current map or below 85% match confidence. CSV does not include lat/lng or Google Place ID, so pin import is blocked until Google Places enrichment/geocoding is run. | Missing Google Place ID. | Missing Google Places photo URL/reference in source CSV. | Google Places enrichment skipped because GOOGLE_PLACES_API_KEY / GOOGLE_MAPS_API_KEY is not configured."
skyhouse-austin,SkyHouse Austin,matched_current_map,existing_map,/images/fallbacks/residential.jpg,,,,skipped_no_api_key,Missing Google Place ID. | Missing Google Places photo URL/reference in source CSV. | Google Places enrichment skipped because GOOGLE_PLACES_API_KEY / GOOGLE_MAPS_API_KEY is not configured.
corner-restaurant,Corner Restaurant,matched_current_map,existing_map,/images/fallbacks/dining.jpg,,,,skipped_no_api_key,Missing Google Place ID. | Missing Google Places photo URL/reference in source CSV. | Google Places enrichment skipped because GOOGLE_PLACES_API_KEY / GOOGLE_MAPS_API_KEY is not configured.
marlow,Marlow,needs_review_missing_coordinates,fallback,/images/fallbacks/dining.jpg,,,,skipped_no_api_key,"Missing from current map or below 85% match confidence. CSV does not include lat/lng or Google Place ID, so pin import is blocked until Google Places enrichment/geocoding is run. | Missing Google Place ID. | Missing Google Places photo URL/reference in source CSV. | Google Places enrichment skipped because GOOGLE_PLACES_API_KEY / GOOGLE_MAPS_API_KEY is not configured."
sixth-street,Sixth Street,needs_review_missing_coordinates,fallback,/images/fallbacks/civic.jpg,,,,skipped_no_api_key,"Avoid duplicate district pins; use as guide layer. | Missing from current map or below 85% match confidence. CSV does not include lat/lng or Google Place ID, so pin import is blocked until Google Places enrichment/geocoding is run. | Missing Google Place ID. | Missing Google Places photo URL/reference in source CSV. | Google Places enrichment skipped because GOOGLE_PLACES_API_KEY / GOOGLE_MAPS_API_KEY is not configured."
perry-s-steakhouse-and-grille,Perry's Steakhouse & Grille,needs_review_missing_coordinates,existing_map,/images/fallbacks/dining.jpg,,,,skipped_no_api_key,"Missing from current map or below 85% match confidence. CSV does not include lat/lng or Google Place ID, so pin import is blocked until Google Places enrichment/geocoding is run. | Missing Google Place ID. | Missing Google Places photo URL/reference in source CSV. | Google Places enrichment skipped because GOOGLE_PLACES_API_KEY / GOOGLE_MAPS_API_KEY is not configured."
the-shore-condominium,The Shore Condominium,needs_review_missing_coordinates,fallback,/images/fallbacks/residential.jpg,,,,skipped_no_api_key,"Missing from current map or below 85% match confidence. CSV does not include lat/lng or Google Place ID, so pin import is blocked until Google Places enrichment/geocoding is run. | Missing Google Place ID. | Missing Google Places photo URL/reference in source CSV. | Google Places enrichment skipped because GOOGLE_PLACES_API_KEY / GOOGLE_MAPS_API_KEY is not configured."
the-peacock,The Peacock,matched_current_map,existing_map,/images/fallbacks/dining.jpg,,,,skipped_no_api_key,Missing Google Place ID. | Missing Google Places photo URL/reference in source CSV. | Google Places enrichment skipped because GOOGLE_PLACES_API_KEY / GOOGLE_MAPS_API_KEY is not configured.
zanzibar,Zanzibar,matched_current_map,existing_map,/images/fallbacks/dining.jpg,,,,skipped_no_api_key,Missing Google Place ID. | Missing Google Places photo URL/reference in source CSV. | Google Places enrichment skipped because GOOGLE_PLACES_API_KEY / GOOGLE_MAPS_API_KEY is not configured.
united-apparel-liquidators,United Apparel Liquidators,needs_review_missing_coordinates,fallback,/images/fallbacks/retail.jpg,,,,skipped_no_api_key,"Missing from current map or below 85% match confidence. CSV does not include lat/lng or Google Place ID, so pin import is blocked until Google Places enrichment/geocoding is run. | Missing Google Place ID. | Missing Google Places photo URL/reference in source CSV. | Google Places enrichment skipped because GOOGLE_PLACES_API_KEY / GOOGLE_MAPS_API_KEY is not configured."
hemline,Hemline,matched_current_map,existing_map,/images/fallbacks/retail.jpg,,,,skipped_no_api_key,Missing Google Place ID. | Missing Google Places photo URL/reference in source CSV. | Google Places enrichment skipped because GOOGLE_PLACES_API_KEY / GOOGLE_MAPS_API_KEY is not configured.
cedar-street,Cedar Street,needs_review_missing_coordinates,fallback,/images/fallbacks/dining.jpg,,,,skipped_no_api_key,"Use as a route/geography filter, not a business drawer. | Missing from current map or below 85% match confidence. CSV does not include lat/lng or Google Place ID, so pin import is blocked until Google Places enrichment/geocoding is run. | Missing Google Place ID. | Missing Google Places photo URL/reference in source CSV. | Google Places enrichment skipped because GOOGLE_PLACES_API_KEY / GOOGLE_MAPS_API_KEY is not configured."
container-bar,Container Bar,needs_review_missing_coordinates,fallback,/images/fallbacks/drinks.jpg,,,,skipped_no_api_key,"Missing from current map or below 85% match confidence. CSV does not include lat/lng or Google Place ID, so pin import is blocked until Google Places enrichment/geocoding is run. | Missing Google Place ID. | Missing Google Places photo URL/reference in source CSV. | Google Places enrichment skipped because GOOGLE_PLACES_API_KEY / GOOGLE_MAPS_API_KEY is not configured."
atown,Atown,needs_review_missing_coordinates,fallback,/images/fallbacks/retail.jpg,,,,skipped_no_api_key,"Missing from current map or below 85% match confidence. CSV does not include lat/lng or Google Place ID, so pin import is blocked until Google Places enrichment/geocoding is run. | Missing Google Place ID. | Missing Google Places photo URL/reference in source CSV. | Google Places enrichment skipped because GOOGLE_PLACES_API_KEY / GOOGLE_MAPS_API_KEY is not configured."
moody-amphitheater,Moody Amphitheater,matched_current_map,existing_map,/images/fallbacks/music.jpg,,,,skipped_no_api_key,Missing Google Place ID. | Missing Google Places photo URL/reference in source CSV. | Google Places enrichment skipped because GOOGLE_PLACES_API_KEY / GOOGLE_MAPS_API_KEY is not configured.
la-condesa,La Condesa,matched_current_map,existing_map,/images/fallbacks/dining.jpg,,,,skipped_no_api_key,Missing Google Place ID. | Missing Google Places photo URL/reference in source CSV. | Google Places enrichment skipped because GOOGLE_PLACES_API_KEY / GOOGLE_MAPS_API_KEY is not configured.
seaholm-power-plant,Seaholm Power Plant,matched_current_map,existing_map,/images/fallbacks/residential.jpg,,,,skipped_no_api_key,Missing Google Place ID. | Missing Google Places photo URL/reference in source CSV. | Google Places enrichment skipped because GOOGLE_PLACES_API_KEY / GOOGLE_MAPS_API_KEY is not configured.
strangelove,Strangelove,needs_review_missing_coordinates,existing_map,/images/fallbacks/dining.jpg,,,,skipped_no_api_key,"Missing from current map or below 85% match confidence. CSV does not include lat/lng or Google Place ID, so pin import is blocked until Google Places enrichment/geocoding is run. | Missing Google Place ID. | Missing Google Places photo URL/reference in source CSV. | Google Places enrichment skipped because GOOGLE_PLACES_API_KEY / GOOGLE_MAPS_API_KEY is not configured."
rain-on-4th,Rain on 4th,matched_current_map,existing_map,/images/fallbacks/drinks.jpg,,,,skipped_no_api_key,Missing Google Place ID. | Missing Google Places photo URL/reference in source CSV. | Google Places enrichment skipped because GOOGLE_PLACES_API_KEY / GOOGLE_MAPS_API_KEY is not configured.
midnight-cowboy,Midnight Cowboy,matched_current_map,existing_map,/images/fallbacks/drinks.jpg,,,,skipped_no_api_key,Missing Google Place ID. | Missing Google Places photo URL/reference in source CSV. | Google Places enrichment skipped because GOOGLE_PLACES_API_KEY / GOOGLE_MAPS_API_KEY is not configured.
bullock-museum,Bullock Museum,needs_review_missing_coordinates,fallback,/images/fallbacks/dining.jpg,,,,skipped_no_api_key,"Missing from current map or below 85% match confidence. CSV does not include lat/lng or Google Place ID, so pin import is blocked until Google Places enrichment/geocoding is run. | Missing Google Place ID. | Missing Google Places photo URL/reference in source CSV. | Google Places enrichment skipped because GOOGLE_PLACES_API_KEY / GOOGLE_MAPS_API_KEY is not configured."
ember-kitchen,Ember Kitchen,matched_current_map,existing_map,/images/fallbacks/dining.jpg,,,,skipped_no_api_key,Missing Google Place ID. | Missing Google Places photo URL/reference in source CSV. | Google Places enrichment skipped because GOOGLE_PLACES_API_KEY / GOOGLE_MAPS_API_KEY is not configured.
canopy-by-hilton,Canopy by Hilton,matched_current_map,existing_map,/images/fallbacks/hotel.jpg,,,,skipped_no_api_key,Missing Google Place ID. | Missing Google Places photo URL/reference in source CSV. | Google Places enrichment skipped because GOOGLE_PLACES_API_KEY / GOOGLE_MAPS_API_KEY is not configured.
the-belmont,The Belmont,matched_current_map,existing_map,/images/fallbacks/dining.jpg,,,,skipped_no_api_key,Missing Google Place ID. | Missing Google Places photo URL/reference in source CSV. | Google Places enrichment skipped because GOOGLE_PLACES_API_KEY / GOOGLE_MAPS_API_KEY is not configured.
360-condos,360 Condos,needs_review_missing_coordinates,existing_map,/images/fallbacks/residential.jpg,,,,skipped_no_api_key,"Missing from current map or below 85% match confidence. CSV does not include lat/lng or Google Place ID, so pin import is blocked until Google Places enrichment/geocoding is run. | Missing Google Place ID. | Missing Google Places photo URL/reference in source CSV. | Google Places enrichment skipped because GOOGLE_PLACES_API_KEY / GOOGLE_MAPS_API_KEY is not configured."
70-rainey,70 Rainey,matched_current_map,fallback,/images/fallbacks/residential.jpg,,,,skipped_no_api_key,Missing Google Place ID. | Missing Google Places photo URL/reference in source CSV. | Google Places enrichment skipped because GOOGLE_PLACES_API_KEY / GOOGLE_MAPS_API_KEY is not configured.
emmer-and-rye,Emmer & Rye,matched_current_map,fallback,/images/fallbacks/dining.jpg,,,,skipped_no_api_key,Missing Google Place ID. | Missing Google Places photo URL/reference in source CSV. | Google Places enrichment skipped because GOOGLE_PLACES_API_KEY / GOOGLE_MAPS_API_KEY is not configured.
cedar-street-courtyard,Cedar Street Courtyard,matched_current_map,existing_map,/images/fallbacks/drinks.jpg,,,,skipped_no_api_key,Missing Google Place ID. | Missing Google Places photo URL/reference in source CSV. | Google Places enrichment skipped because GOOGLE_PLACES_API_KEY / GOOGLE_MAPS_API_KEY is not configured.
austin-proper,Austin Proper,matched_current_map,existing_map,/images/fallbacks/residential.jpg,,,,skipped_no_api_key,Missing Google Place ID. | Missing Google Places photo URL/reference in source CSV. | Google Places enrichment skipped because GOOGLE_PLACES_API_KEY / GOOGLE_MAPS_API_KEY is not configured.
waterloo-park,Waterloo Park,matched_current_map,existing_map,/images/fallbacks/civic.jpg,,,,skipped_no_api_key,Missing Google Place ID. | Missing Google Places photo URL/reference in source CSV. | Google Places enrichment skipped because GOOGLE_PLACES_API_KEY / GOOGLE_MAPS_API_KEY is not configured.
patika,Patika,needs_review_missing_coordinates,fallback,/images/fallbacks/coffee.jpg,,,,skipped_no_api_key,"Missing from current map or below 85% match confidence. CSV does not include lat/lng or Google Place ID, so pin import is blocked until Google Places enrichment/geocoding is run. | Missing Google Place ID. | Missing Google Places photo URL/reference in source CSV. | Google Places enrichment skipped because GOOGLE_PLACES_API_KEY / GOOGLE_MAPS_API_KEY is not configured."
mohawk,Mohawk,matched_current_map,existing_map,/images/fallbacks/drinks.jpg,,,,skipped_no_api_key,Missing Google Place ID. | Missing Google Places photo URL/reference in source CSV. | Google Places enrichment skipped because GOOGLE_PLACES_API_KEY / GOOGLE_MAPS_API_KEY is not configured.
blanton-museum,Blanton Museum,needs_review_missing_coordinates,fallback,/images/fallbacks/dining.jpg,,,,skipped_no_api_key,"Missing from current map or below 85% match confidence. CSV does not include lat/lng or Google Place ID, so pin import is blocked until Google Places enrichment/geocoding is run. | Missing Google Place ID. | Missing Google Places photo URL/reference in source CSV. | Google Places enrichment skipped because GOOGLE_PLACES_API_KEY / GOOGLE_MAPS_API_KEY is not configured."
paramount-theatre,Paramount Theatre,matched_current_map,existing_map,/images/fallbacks/civic.jpg,,,,skipped_no_api_key,Missing Google Place ID. | Missing Google Places photo URL/reference in source CSV. | Google Places enrichment skipped because GOOGLE_PLACES_API_KEY / GOOGLE_MAPS_API_KEY is not configured.
moody-center,Moody Center,needs_review_missing_coordinates,fallback,/images/fallbacks/dining.jpg,,,,skipped_no_api_key,"Missing from current map or below 85% match confidence. CSV does not include lat/lng or Google Place ID, so pin import is blocked until Google Places enrichment/geocoding is run. | Missing Google Place ID. | Missing Google Places photo URL/reference in source CSV. | Google Places enrichment skipped because GOOGLE_PLACES_API_KEY / GOOGLE_MAPS_API_KEY is not configured."
dean-s,Dean's,needs_review_missing_coordinates,existing_map,/images/fallbacks/retail.jpg,,,,skipped_no_api_key,"Missing from current map or below 85% match confidence. CSV does not include lat/lng or Google Place ID, so pin import is blocked until Google Places enrichment/geocoding is run. | Missing Google Place ID. | Missing Google Places photo URL/reference in source CSV. | Google Places enrichment skipped because GOOGLE_PLACES_API_KEY / GOOGLE_MAPS_API_KEY is not configured."
speakeasy,Speakeasy,matched_current_map,existing_map,/images/fallbacks/drinks.jpg,,,,skipped_no_api_key,Missing Google Place ID. | Missing Google Places photo URL/reference in source CSV. | Google Places enrichment skipped because GOOGLE_PLACES_API_KEY / GOOGLE_MAPS_API_KEY is not configured.
comedor,Comedor,matched_current_map,fallback,/images/fallbacks/dining.jpg,,,,skipped_no_api_key,Missing Google Place ID. | Missing Google Places photo URL/reference in source CSV. | Google Places enrichment skipped because GOOGLE_PLACES_API_KEY / GOOGLE_MAPS_API_KEY is not configured.
hotel-van-zandt,Hotel Van Zandt,matched_current_map,fallback,/images/fallbacks/hotel.jpg,,,,skipped_no_api_key,Missing Google Place ID. | Missing Google Places photo URL/reference in source CSV. | Google Places enrichment skipped because GOOGLE_PLACES_API_KEY / GOOGLE_MAPS_API_KEY is not configured.
2nd-street-district,2nd Street District,needs_review_missing_coordinates,fallback,/images/fallbacks/civic.jpg,,,,skipped_no_api_key,"Avoid duplicate district pins; use as guide layer. | Missing from current map or below 85% match confidence. CSV does not include lat/lng or Google Place ID, so pin import is blocked until Google Places enrichment/geocoding is run. | Missing Google Place ID. | Missing Google Places photo URL/reference in source CSV. | Google Places enrichment skipped because GOOGLE_PLACES_API_KEY / GOOGLE_MAPS_API_KEY is not configured."
four-seasons,Four Seasons,matched_current_map,fallback,/images/fallbacks/hotel.jpg,,,,skipped_no_api_key,Missing Google Place ID. | Missing Google Places photo URL/reference in source CSV. | Google Places enrichment skipped because GOOGLE_PLACES_API_KEY / GOOGLE_MAPS_API_KEY is not configured.
austin-rotisserie,Austin Rotisserie,needs_review_missing_coordinates,existing_map,/images/fallbacks/retail.jpg,,,,skipped_no_api_key,"Missing from current map or below 85% match confidence. CSV does not include lat/lng or Google Place ID, so pin import is blocked until Google Places enrichment/geocoding is run. | Missing Google Place ID. | Missing Google Places photo URL/reference in source CSV. | Google Places enrichment skipped because GOOGLE_PLACES_API_KEY / GOOGLE_MAPS_API_KEY is not configured."
edge-rooftop,Edge Rooftop,needs_review_missing_coordinates,existing_map,/images/fallbacks/drinks.jpg,,,,skipped_no_api_key,"Missing from current map or below 85% match confidence. CSV does not include lat/lng or Google Place ID, so pin import is blocked until Google Places enrichment/geocoding is run. | Missing Google Place ID. | Missing Google Places photo URL/reference in source CSV. | Google Places enrichment skipped because GOOGLE_PLACES_API_KEY / GOOGLE_MAPS_API_KEY is not configured."
fareground-austin,Fareground Austin,matched_current_map,existing_map,/images/fallbacks/dining.jpg,,,,skipped_no_api_key,Missing Google Place ID. | Missing Google Places photo URL/reference in source CSV. | Google Places enrichment skipped because GOOGLE_PLACES_API_KEY / GOOGLE_MAPS_API_KEY is not configured.
east-avenue,East Avenue,needs_review_missing_coordinates,fallback,/images/fallbacks/dining.jpg,,,,skipped_no_api_key,"Use as a route/geography filter, not a business drawer. | Missing from current map or below 85% match confidence. CSV does not include lat/lng or Google Place ID, so pin import is blocked until Google Places enrichment/geocoding is run. | Missing Google Place ID. | Missing Google Places photo URL/reference in source CSV. | Google Places enrichment skipped because GOOGLE_PLACES_API_KEY / GOOGLE_MAPS_API_KEY is not configured."
devil-may-care,Devil May Care,matched_current_map,existing_map,/images/fallbacks/dining.jpg,,,,skipped_no_api_key,Missing Google Place ID. | Missing Google Places photo URL/reference in source CSV. | Google Places enrichment skipped because GOOGLE_PLACES_API_KEY / GOOGLE_MAPS_API_KEY is not configured.
antone-s,Antone's,needs_review_missing_coordinates,existing_map,/images/fallbacks/drinks.jpg,,,,skipped_no_api_key,"Missing from current map or below 85% match confidence. CSV does not include lat/lng or Google Place ID, so pin import is blocked until Google Places enrichment/geocoding is run. | Missing Google Place ID. | Missing Google Places photo URL/reference in source CSV. | Google Places enrichment skipped because GOOGLE_PLACES_API_KEY / GOOGLE_MAPS_API_KEY is not configured."
wu-chow,Wu Chow,matched_current_map,existing_map,/images/fallbacks/dining.jpg,,,,skipped_no_api_key,Missing Google Place ID. | Missing Google Places photo URL/reference in source CSV. | Google Places enrichment skipped because GOOGLE_PLACES_API_KEY / GOOGLE_MAPS_API_KEY is not configured.
jw-marriott,JW Marriott,matched_current_map,existing_map,/images/fallbacks/hotel.jpg,,,,skipped_no_api_key,Missing Google Place ID. | Missing Google Places photo URL/reference in source CSV. | Google Places enrichment skipped because GOOGLE_PLACES_API_KEY / GOOGLE_MAPS_API_KEY is not configured.
green-light-social,Green Light Social,matched_current_map,existing_map,/images/fallbacks/drinks.jpg,,,,skipped_no_api_key,Missing Google Place ID. | Missing Google Places photo URL/reference in source CSV. | Google Places enrichment skipped because GOOGLE_PLACES_API_KEY / GOOGLE_MAPS_API_KEY is not configured.
waterloo-records,Waterloo Records,matched_current_map,existing_map,/images/fallbacks/retail.jpg,,,,skipped_no_api_key,Missing Google Place ID. | Missing Google Places photo URL/reference in source CSV. | Google Places enrichment skipped because GOOGLE_PLACES_API_KEY / GOOGLE_MAPS_API_KEY is not configured.
jo-s,Jo's,needs_review_missing_coordinates,fallback,/images/fallbacks/coffee.jpg,,,,skipped_no_api_key,"Missing from current map or below 85% match confidence. CSV does not include lat/lng or Google Place ID, so pin import is blocked until Google Places enrichment/geocoding is run. | Missing Google Place ID. | Missing Google Places photo URL/reference in source CSV. | Google Places enrichment skipped because GOOGLE_PLACES_API_KEY / GOOGLE_MAPS_API_KEY is not configured."
stay-put-brewpub,Stay Put Brewpub,needs_review_missing_coordinates,fallback,/images/fallbacks/drinks.jpg,,,,skipped_no_api_key,"Missing from current map or below 85% match confidence. CSV does not include lat/lng or Google Place ID, so pin import is blocked until Google Places enrichment/geocoding is run. | Missing Google Place ID. | Missing Google Places photo URL/reference in source CSV. | Google Places enrichment skipped because GOOGLE_PLACES_API_KEY / GOOGLE_MAPS_API_KEY is not configured."
thompson-austin,Thompson Austin,matched_current_map,existing_map,/images/fallbacks/hotel.jpg,,,,skipped_no_api_key,Missing Google Place ID. | Missing Google Places photo URL/reference in source CSV. | Google Places enrichment skipped because GOOGLE_PLACES_API_KEY / GOOGLE_MAPS_API_KEY is not configured.
true-food-kitchen,True Food Kitchen,matched_current_map,existing_map,/images/fallbacks/dining.jpg,,,,skipped_no_api_key,Missing Google Place ID. | Missing Google Places photo URL/reference in source CSV. | Google Places enrichment skipped because GOOGLE_PLACES_API_KEY / GOOGLE_MAPS_API_KEY is not configured.
whole-foods-flagship,Whole Foods Flagship,needs_review_missing_coordinates,existing_map,/images/fallbacks/residential.jpg,,,,skipped_no_api_key,"Missing from current map or below 85% match confidence. CSV does not include lat/lng or Google Place ID, so pin import is blocked until Google Places enrichment/geocoding is run. | Missing Google Place ID. | Missing Google Places photo URL/reference in source CSV. | Google Places enrichment skipped because GOOGLE_PLACES_API_KEY / GOOGLE_MAPS_API_KEY is not configured."
the-dead-rabbit,The Dead Rabbit,needs_review_missing_coordinates,existing_map,/images/fallbacks/property.jpg,,,,skipped_no_api_key,"Missing from current map or below 85% match confidence. CSV does not include lat/lng or Google Place ID, so pin import is blocked until Google Places enrichment/geocoding is run. | Missing Google Place ID. | Missing Google Places photo URL/reference in source CSV. | Google Places enrichment skipped because GOOGLE_PLACES_API_KEY / GOOGLE_MAPS_API_KEY is not configured."
the-stephen-f-austin-royal-sonesta-hotel,The Stephen F. Austin Royal Sonesta Hotel,matched_current_map,existing_map,/images/fallbacks/hotel.jpg,,,,skipped_no_api_key,Missing Google Place ID. | Missing Google Places photo URL/reference in source CSV. | Google Places enrichment skipped because GOOGLE_PLACES_API_KEY / GOOGLE_MAPS_API_KEY is not configured.
bar-fino,Bar Fino,needs_review_missing_coordinates,fallback,/images/fallbacks/drinks.jpg,,,,skipped_no_api_key,"Missing from current map or below 85% match confidence. CSV does not include lat/lng or Google Place ID, so pin import is blocked until Google Places enrichment/geocoding is run. | Missing Google Place ID. | Missing Google Places photo URL/reference in source CSV. | Google Places enrichment skipped because GOOGLE_PLACES_API_KEY / GOOGLE_MAPS_API_KEY is not configured."
eliza-page,Eliza Page,matched_current_map,existing_map,/images/fallbacks/retail.jpg,,,,skipped_no_api_key,Missing Google Place ID. | Missing Google Places photo URL/reference in source CSV. | Google Places enrichment skipped because GOOGLE_PLACES_API_KEY / GOOGLE_MAPS_API_KEY is not configured.
republic-square,Republic Square,matched_current_map,existing_map,/images/fallbacks/wellness.jpg,,,,skipped_no_api_key,Missing Google Place ID. | Missing Google Places photo URL/reference in source CSV. | Google Places enrichment skipped because GOOGLE_PLACES_API_KEY / GOOGLE_MAPS_API_KEY is not configured.
5th-and-west-condominiums,5th and West Condominiums,needs_review_missing_coordinates,existing_map,/images/fallbacks/residential.jpg,,,,skipped_no_api_key,"Missing from current map or below 85% match confidence. CSV does not include lat/lng or Google Place ID, so pin import is blocked until Google Places enrichment/geocoding is run. | Missing Google Place ID. | Missing Google Places photo URL/reference in source CSV. | Google Places enrichment skipped because GOOGLE_PLACES_API_KEY / GOOGLE_MAPS_API_KEY is not configured."
the-austonian,The Austonian,matched_current_map,existing_map,/images/fallbacks/residential.jpg,,,,skipped_no_api_key,Missing Google Place ID. | Missing Google Places photo URL/reference in source CSV. | Google Places enrichment skipped because GOOGLE_PLACES_API_KEY / GOOGLE_MAPS_API_KEY is not configured.
red-ash,Red Ash,matched_current_map,existing_map,/images/fallbacks/dining.jpg,,,,skipped_no_api_key,Missing Google Place ID. | Missing Google Places photo URL/reference in source CSV. | Google Places enrichment skipped because GOOGLE_PLACES_API_KEY / GOOGLE_MAPS_API_KEY is not configured.
elephant-room,Elephant Room,matched_current_map,existing_map,/images/fallbacks/drinks.jpg,,,,skipped_no_api_key,Missing Google Place ID. | Missing Google Places photo URL/reference in source CSV. | Google Places enrichment skipped because GOOGLE_PLACES_API_KEY / GOOGLE_MAPS_API_KEY is not configured.
gables-park-tower,Gables Park Tower,matched_current_map,existing_map,/images/fallbacks/residential.jpg,,,,skipped_no_api_key,Missing Google Place ID. | Missing Google Places photo URL/reference in source CSV. | Google Places enrichment skipped because GOOGLE_PLACES_API_KEY / GOOGLE_MAPS_API_KEY is not configured.
congress-ave,Congress Ave.,needs_review_missing_coordinates,fallback,/images/fallbacks/dining.jpg,,,,skipped_no_api_key,"Use as a route/geography filter, not a business drawer. | Missing from current map or below 85% match confidence. CSV does not include lat/lng or Google Place ID, so pin import is blocked until Google Places enrichment/geocoding is run. | Missing Google Place ID. | Missing Google Places photo URL/reference in source CSV. | Google Places enrichment skipped because GOOGLE_PLACES_API_KEY / GOOGLE_MAPS_API_KEY is not configured."
rainey-st,Rainey St,needs_review_missing_coordinates,existing_map,/images/legends-listings/83dcefb7.jpeg,,,,skipped_no_api_key,"Potential duplicate with Rainey Street Historic District; consolidate. | Missing from current map or below 85% match confidence. CSV does not include lat/lng or Google Place ID, so pin import is blocked until Google Places enrichment/geocoding is run. | Missing Google Place ID. | Missing Google Places photo URL/reference in source CSV. | Google Places enrichment skipped because GOOGLE_PLACES_API_KEY / GOOGLE_MAPS_API_KEY is not configured."
the-modern-austin-residences,The Modern Austin Residences,matched_current_map,existing_map,/images/map-pins/property/paseo.webp,,,,skipped_no_api_key,Missing Google Place ID. | Missing Google Places photo URL/reference in source CSV. | Google Places enrichment skipped because GOOGLE_PLACES_API_KEY / GOOGLE_MAPS_API_KEY is not configured.
warehouse-district,Warehouse District,needs_review_missing_coordinates,fallback,/images/fallbacks/civic.jpg,,,,skipped_no_api_key,"Avoid duplicate district pins; use as guide layer. | Missing from current map or below 85% match confidence. CSV does not include lat/lng or Google Place ID, so pin import is blocked until Google Places enrichment/geocoding is run. | Missing Google Place ID. | Missing Google Places photo URL/reference in source CSV. | Google Places enrichment skipped because GOOGLE_PLACES_API_KEY / GOOGLE_MAPS_API_KEY is not configured."
e-martin-luther-king-jr-blvd,E Martin Luther King Jr Blvd,needs_review_missing_coordinates,fallback,/images/fallbacks/dining.jpg,,,,skipped_no_api_key,"Use as a route/geography filter, not a business drawer. | Missing from current map or below 85% match confidence. CSV does not include lat/lng or Google Place ID, so pin import is blocked until Google Places enrichment/geocoding is run. | Missing Google Place ID. | Missing Google Places photo URL/reference in source CSV. | Google Places enrichment skipped because GOOGLE_PLACES_API_KEY / GOOGLE_MAPS_API_KEY is not configured."
paseo,Paseo,matched_current_map,fallback,/images/fallbacks/residential.jpg,,,,skipped_no_api_key,Missing Google Place ID. | Missing Google Places photo URL/reference in source CSV. | Google Places enrichment skipped because GOOGLE_PLACES_API_KEY / GOOGLE_MAPS_API_KEY is not configured.
north-downtown,North Downtown,needs_review_out_of_market,fallback,/images/splash/walkable-map.png,,,,skipped_no_api_key,"Appears outside Austin; remove unless intentionally testing. | Out of market: do not import to Downtown Austin production map. | Missing from current map or below 85% match confidence. CSV does not include lat/lng or Google Place ID, so pin import is blocked until Google Places enrichment/geocoding is run. | Missing Google Place ID. | Missing Google Places photo URL/reference in source CSV. | Google Places enrichment skipped because GOOGLE_PLACES_API_KEY / GOOGLE_MAPS_API_KEY is not configured."
rainey-street,Rainey Street,needs_review_missing_coordinates,existing_map,/images/legends-listings/83dcefb7.jpeg,,,,skipped_no_api_key,"Potential duplicate with Rainey Street Historic District; consolidate. | Missing from current map or below 85% match confidence. CSV does not include lat/lng or Google Place ID, so pin import is blocked until Google Places enrichment/geocoding is run. | Missing Google Place ID. | Missing Google Places photo URL/reference in source CSV. | Google Places enrichment skipped because GOOGLE_PLACES_API_KEY / GOOGLE_MAPS_API_KEY is not configured."
seaholm-district,Seaholm District,needs_review_missing_coordinates,fallback,/images/fallbacks/civic.jpg,,,,skipped_no_api_key,"Avoid duplicate district pins; use as guide layer. | Missing from current map or below 85% match confidence. CSV does not include lat/lng or Google Place ID, so pin import is blocked until Google Places enrichment/geocoding is run. | Missing Google Place ID. | Missing Google Places photo URL/reference in source CSV. | Google Places enrichment skipped because GOOGLE_PLACES_API_KEY / GOOGLE_MAPS_API_KEY is not configured."
1-hotel-austin,1 Hotel Austin,needs_review_missing_coordinates,fallback,/images/fallbacks/hotel.jpg,,,,skipped_no_api_key,"Missing from current map or below 85% match confidence. CSV does not include lat/lng or Google Place ID, so pin import is blocked until Google Places enrichment/geocoding is run. | Missing Google Place ID. | Missing Google Places photo URL/reference in source CSV. | Google Places enrichment skipped because GOOGLE_PLACES_API_KEY / GOOGLE_MAPS_API_KEY is not configured."
lady-bird-lake,Lady Bird Lake,needs_review_missing_coordinates,existing_map,/images/fallbacks/hotel.jpg,,,,skipped_no_api_key,"Missing from current map or below 85% match confidence. CSV does not include lat/lng or Google Place ID, so pin import is blocked until Google Places enrichment/geocoding is run. | Missing Google Place ID. | Missing Google Places photo URL/reference in source CSV. | Google Places enrichment skipped because GOOGLE_PLACES_API_KEY / GOOGLE_MAPS_API_KEY is not configured."
northshore-apartments,Northshore Apartments,needs_review_missing_coordinates,fallback,/images/fallbacks/residential.jpg,,,,skipped_no_api_key,"Missing from current map or below 85% match confidence. CSV does not include lat/lng or Google Place ID, so pin import is blocked until Google Places enrichment/geocoding is run. | Missing Google Place ID. | Missing Google Places photo URL/reference in source CSV. | Google Places enrichment skipped because GOOGLE_PLACES_API_KEY / GOOGLE_MAPS_API_KEY is not configured."
residences-at-6g,Residences at 6G,needs_review_missing_coordinates,existing_map,/images/fallbacks/residential.jpg,,,,skipped_no_api_key,"Missing from current map or below 85% match confidence. CSV does not include lat/lng or Google Place ID, so pin import is blocked until Google Places enrichment/geocoding is run. | Missing Google Place ID. | Missing Google Places photo URL/reference in source CSV. | Google Places enrichment skipped because GOOGLE_PLACES_API_KEY / GOOGLE_MAPS_API_KEY is not configured."
atx-tower,ATX Tower,needs_review_missing_coordinates,fallback,/images/fallbacks/residential.jpg,,,,skipped_no_api_key,"Missing from current map or below 85% match confidence. CSV does not include lat/lng or Google Place ID, so pin import is blocked until Google Places enrichment/geocoding is run. | Missing Google Place ID. | Missing Google Places photo URL/reference in source CSV. | Google Places enrichment skipped because GOOGLE_PLACES_API_KEY / GOOGLE_MAPS_API_KEY is not configured."
mlk-highline,MLK Highline,needs_review_missing_coordinates,fallback,/images/fallbacks/residential.jpg,,,,skipped_no_api_key,"Missing from current map or below 85% match confidence. CSV does not include lat/lng or Google Place ID, so pin import is blocked until Google Places enrichment/geocoding is run. | Missing Google Place ID. | Missing Google Places photo URL/reference in source CSV. | Google Places enrichment skipped because GOOGLE_PLACES_API_KEY / GOOGLE_MAPS_API_KEY is not configured."
w-austin-hotel-and-residences,W Austin Hotel & Residences,needs_review_missing_coordinates,fallback,/images/fallbacks/hotel.jpg,,,,skipped_no_api_key,"Missing from current map or below 85% match confidence. CSV does not include lat/lng or Google Place ID, so pin import is blocked until Google Places enrichment/geocoding is run. | Missing Google Place ID. | Missing Google Places photo URL/reference in source CSV. | Google Places enrichment skipped because GOOGLE_PLACES_API_KEY / GOOGLE_MAPS_API_KEY is not configured."
seaholm-residences,Seaholm Residences,matched_current_map,existing_map,/buildings/seaholm.webp,,,,skipped_no_api_key,Missing Google Place ID. | Missing Google Places photo URL/reference in source CSV. | Google Places enrichment skipped because GOOGLE_PLACES_API_KEY / GOOGLE_MAPS_API_KEY is not configured.
lamar-blvd,Lamar Blvd,needs_review_missing_coordinates,existing_map,/images/fallbacks/residential.jpg,,,,skipped_no_api_key,"Use as a route/geography filter, not a business drawer. | Missing from current map or below 85% match confidence. CSV does not include lat/lng or Google Place ID, so pin import is blocked until Google Places enrichment/geocoding is run. | Missing Google Place ID. | Missing Google Places photo URL/reference in source CSV. | Google Places enrichment skipped because GOOGLE_PLACES_API_KEY / GOOGLE_MAPS_API_KEY is not configured."
bookpeople,BookPeople,needs_review_missing_coordinates,fallback,/images/fallbacks/retail.jpg,,,,skipped_no_api_key,"Missing from current map or below 85% match confidence. CSV does not include lat/lng or Google Place ID, so pin import is blocked until Google Places enrichment/geocoding is run. | Missing Google Place ID. | Missing Google Places photo URL/reference in source CSV. | Google Places enrichment skipped because GOOGLE_PLACES_API_KEY / GOOGLE_MAPS_API_KEY is not configured."
acl-live-at-the-moody-theater,ACL Live at The Moody Theater,needs_review_missing_coordinates,fallback,/images/fallbacks/dining.jpg,,,,skipped_no_api_key,"Missing from current map or below 85% match confidence. CSV does not include lat/lng or Google Place ID, so pin import is blocked until Google Places enrichment/geocoding is run. | Missing Google Place ID. | Missing Google Places photo URL/reference in source CSV. | Google Places enrichment skipped because GOOGLE_PLACES_API_KEY / GOOGLE_MAPS_API_KEY is not configured."
waterline-austin,Waterline Austin,matched_current_map,fallback,/images/fallbacks/residential.jpg,,,,skipped_no_api_key,Missing Google Place ID. | Missing Google Places photo URL/reference in source CSV. | Google Places enrichment skipped because GOOGLE_PLACES_API_KEY / GOOGLE_MAPS_API_KEY is not configured.
44-east-avenue,44 East Avenue,needs_review_missing_coordinates,existing_map,/images/legends-listings/83dcefb7.jpeg,,,,skipped_no_api_key,"Missing from current map or below 85% match confidence. CSV does not include lat/lng or Google Place ID, so pin import is blocked until Google Places enrichment/geocoding is run. | Missing Google Place ID. | Missing Google Places photo URL/reference in source CSV. | Google Places enrichment skipped because GOOGLE_PLACES_API_KEY / GOOGLE_MAPS_API_KEY is not configured."
banger-s-sausage-house,Banger's Sausage House,needs_review_missing_coordinates,fallback,/images/fallbacks/dining.jpg,,,,skipped_no_api_key,"Missing from current map or below 85% match confidence. CSV does not include lat/lng or Google Place ID, so pin import is blocked until Google Places enrichment/geocoding is run. | Missing Google Place ID. | Missing Google Places photo URL/reference in source CSV. | Google Places enrichment skipped because GOOGLE_PLACES_API_KEY / GOOGLE_MAPS_API_KEY is not configured."
the-independent,The Independent,matched_current_map,fallback,/images/fallbacks/residential.jpg,,,,skipped_no_api_key,Missing Google Place ID. | Missing Google Places photo URL/reference in source CSV. | Google Places enrichment skipped because GOOGLE_PLACES_API_KEY / GOOGLE_MAPS_API_KEY is not configured.
hestia,Hestia,matched_current_map,existing_map,/images/fallbacks/dining.jpg,,,,skipped_no_api_key,Missing Google Place ID. | Missing Google Places photo URL/reference in source CSV. | Google Places enrichment skipped because GOOGLE_PLACES_API_KEY / GOOGLE_MAPS_API_KEY is not configured.
fairmont-austin,Fairmont Austin,matched_current_map,existing_map,/images/map-pins/property/fairmont-austin.jpg,,,,skipped_no_api_key,Missing Google Place ID. | Missing Google Places photo URL/reference in source CSV. | Google Places enrichment skipped because GOOGLE_PLACES_API_KEY / GOOGLE_MAPS_API_KEY is not configured.
the-driskill,The Driskill,matched_current_map,existing_map,/images/fallbacks/hotel.jpg,,,,skipped_no_api_key,Missing Google Place ID. | Missing Google Places photo URL/reference in source CSV. | Google Places enrichment skipped because GOOGLE_PLACES_API_KEY / GOOGLE_MAPS_API_KEY is not configured.
the-roosevelt-room,The Roosevelt Room,matched_current_map,existing_map,/images/fallbacks/drinks.jpg,,,,skipped_no_api_key,Missing Google Place ID. | Missing Google Places photo URL/reference in source CSV. | Google Places enrichment skipped because GOOGLE_PLACES_API_KEY / GOOGLE_MAPS_API_KEY is not configured.
austin-central-library-austin-public-library,"Austin Central Library, Austin Public Library",needs_review_missing_coordinates,fallback,/images/fallbacks/dining.jpg,,,,skipped_no_api_key,"Missing from current map or below 85% match confidence. CSV does not include lat/lng or Google Place ID, so pin import is blocked until Google Places enrichment/geocoding is run. | Missing Google Place ID. | Missing Google Places photo URL/reference in source CSV. | Google Places enrichment skipped because GOOGLE_PLACES_API_KEY / GOOGLE_MAPS_API_KEY is not configured."
the-line-austin,The LINE Austin,matched_current_map,existing_map,/images/fallbacks/hotel.jpg,,,,skipped_no_api_key,Missing Google Place ID. | Missing Google Places photo URL/reference in source CSV. | Google Places enrichment skipped because GOOGLE_PLACES_API_KEY / GOOGLE_MAPS_API_KEY is not configured.
texas-capitol,Texas Capitol,needs_review_missing_coordinates,fallback,/images/fallbacks/civic.jpg,,,,skipped_no_api_key,"Missing from current map or below 85% match confidence. CSV does not include lat/lng or Google Place ID, so pin import is blocked until Google Places enrichment/geocoding is run. | Missing Google Place ID. | Missing Google Places photo URL/reference in source CSV. | Google Places enrichment skipped because GOOGLE_PLACES_API_KEY / GOOGLE_MAPS_API_KEY is not configured."
downtown-austin,Downtown Austin,needs_review_missing_coordinates,existing_map,/images/legends-listings/d6a4d9a1-d4c5-4ff8-8261-e51fcf930655.avif,,,,skipped_no_api_key,"Avoid duplicate district pins; use as guide layer. | Missing from current map or below 85% match confidence. CSV does not include lat/lng or Google Place ID, so pin import is blocked until Google Places enrichment/geocoding is run. | Missing Google Place ID. | Missing Google Places photo URL/reference in source CSV. | Google Places enrichment skipped because GOOGLE_PLACES_API_KEY / GOOGLE_MAPS_API_KEY is not configured."
